file	path_id	type	name	bytes
0000000000000000f000000000000000	1	Texture2D	Checkmark	51260
0000000000000000f000000000000000	2	Texture2D	UISprite	51260
0000000000000000f000000000000000	3	Texture2D	Background	51260
0000000000000000f000000000000000	4	Texture2D	InputFieldBackground	51260
0000000000000000f000000000000000	5	Texture2D	UIMask	51260
0000000000000000f000000000000000	6	Sprite	Checkmark	51260
0000000000000000f000000000000000	7	Sprite	UISprite	51260
0000000000000000f000000000000000	8	Sprite	Background	51260
0000000000000000f000000000000000	9	Sprite	InputFieldBackground	51260
0000000000000000f000000000000000	10	Sprite	UIMask	51260
0017064687d3e8e4e96d858061b10857	1	Texture2D	NPC_Portrait_NP0041	27072
009f1d670b6024748819e84d72e1887f	1	GameObject	IGNORED_shadow	13092
009f1d670b6024748819e84d72e1887f	2	GameObject	key	13092
009f1d670b6024748819e84d72e1887f	3	GameObject	NXPAccountLinkPickerItem	13092
009f1d670b6024748819e84d72e1887f	4	GameObject	icon	13092
009f1d670b6024748819e84d72e1887f	5	GameObject	IGNORED_border	13092
009f1d670b6024748819e84d72e1887f	6	GameObject	GameData (1)	13092
009f1d670b6024748819e84d72e1887f	7	GameObject	value	13092
009f1d670b6024748819e84d72e1887f	8	GameObject	icon	13092
009f1d670b6024748819e84d72e1887f	9	GameObject	top	13092
009f1d670b6024748819e84d72e1887f	10	GameObject	content	13092
009f1d670b6024748819e84d72e1887f	11	GameObject	GameData (2)	13092
009f1d670b6024748819e84d72e1887f	12	GameObject	key	13092
009f1d670b6024748819e84d72e1887f	13	GameObject	IGNORED_background	13092
009f1d670b6024748819e84d72e1887f	14	GameObject	text	13092
009f1d670b6024748819e84d72e1887f	15	GameObject	value	13092
009f1d670b6024748819e84d72e1887f	16	GameObject	GameData (3)	13092
009f1d670b6024748819e84d72e1887f	17	GameObject	GameDataLayout	13092
009f1d670b6024748819e84d72e1887f	18	GameObject	value	13092
009f1d670b6024748819e84d72e1887f	19	GameObject	value	13092
009f1d670b6024748819e84d72e1887f	20	GameObject	key	13092
009f1d670b6024748819e84d72e1887f	21	GameObject	GameData (0)	13092
009f1d670b6024748819e84d72e1887f	22	GameObject	key	13092
0112985a444b53f4cbd02ea3817a39c0	1	Texture2D	icon arrow_hover	4852
0112985a444b53f4cbd02ea3817a39c0	2	Sprite	icon arrow_hover	4852
0140c62607cb2374b8bb77c9b38dc0d8	1	Texture2D	Title_Logo_kr	121868
02af7531a3d7f954087d12472b600c33	1	Texture2D	MultiFloorRaid_FloorList_00003_1	270236
0316b46719dcdc944b14539a7394b098	1	Texture2D	DropdownArrow	5612
03ea313679d4eb14dbfafaa80c975a65	1	GameObject	GameName	4816
03ea313679d4eb14dbfafaa80c975a65	2	GameObject	NXPNexonUnregisterAlertPlayGameItem	4816
04a72a609c0e6a140a98422a71547c1b	1	Texture2D	FX_TEX_Smoke_RGB_44a	47488
04c98c30ae53d5d4a932c46a8e085c63	1	Texture2D	UIMask	5604
04da3507e28f8cd4ab05f2088663952b	1	AnimationClip	UIAni_Popup_System	7000
05f6d0bec10846048b0ab30bf8bc4611	1	GameObject	Text	5576
05f6d0bec10846048b0ab30bf8bc4611	2	GameObject	TermsForPolicy	5576
05f6d0bec10846048b0ab30bf8bc4611	3	GameObject	UnderLine	5576
0671213ee49217143aee00ea73ea51de	1	GameObject	Divider	5960
0671213ee49217143aee00ea73ea51de	2	GameObject	Image	5960
0671213ee49217143aee00ea73ea51de	3	GameObject	NXPSettlementFundItemViewTerms	5960
0671213ee49217143aee00ea73ea51de	4	GameObject	Terms	5960
087f1c15ba8491845845e40a01b1da88	1	GameObject	ControllerIconBG	9108
087f1c15ba8491845845e40a01b1da88	2	GameObject	icon2	9108
087f1c15ba8491845845e40a01b1da88	3	GameObject	Pad	9108
087f1c15ba8491845845e40a01b1da88	4	GameObject	Dim	9108
087f1c15ba8491845845e40a01b1da88	5	GameObject	UIKeyboardShortcut	9108
087f1c15ba8491845845e40a01b1da88	6	GameObject	Texture	9108
087f1c15ba8491845845e40a01b1da88	7	GameObject	BG	9108
087f1c15ba8491845845e40a01b1da88	8	GameObject	Label	9108
087f1c15ba8491845845e40a01b1da88	9	GameObject	Key	9108
087f1c15ba8491845845e40a01b1da88	10	GameObject	GameObject_1	9108
087f1c15ba8491845845e40a01b1da88	11	GameObject	icon1	9108
087f1c15ba8491845845e40a01b1da88	12	GameObject	Stroke	9108
087f1c15ba8491845845e40a01b1da88	13	GameObject	Label	9108
08a7ab81f336cf345a32861925ca93a8	1	Texture2D	icon_hover_21	6480
08a7ab81f336cf345a32861925ca93a8	2	Sprite	icon_hover_21	6480
08eb8cea8faf9b4428f3d50f79e14c63	1	GameObject	ExposedMethodField	5472
08eb8cea8faf9b4428f3d50f79e14c63	2	GameObject	InvokeButton	5472
08eb8cea8faf9b4428f3d50f79e14c63	3	GameObject	MethodName	5472
091928557c53e6d4aa0d461475261672	1	Texture2D	icon_hover_19	6396
091928557c53e6d4aa0d461475261672	2	Sprite	icon_hover_19	6396
092963f2461574a49b42de8baba684fb	1	Texture2D	icon_hover_09	6060
092963f2461574a49b42de8baba684fb	2	Sprite	icon_hover_09	6060
09631c7c54e3809419e86678435d80b7	1	GameObject	Label_RotateRail	13800
09631c7c54e3809419e86678435d80b7	2	GameObject	Mask_Type1	13800
09631c7c54e3809419e86678435d80b7	3	GameObject	Line	13800
09631c7c54e3809419e86678435d80b7	4	GameObject	PlaceRail	13800
09631c7c54e3809419e86678435d80b7	5	GameObject	TextBG	13800
09631c7c54e3809419e86678435d80b7	6	GameObject	SelectIcon	13800
09631c7c54e3809419e86678435d80b7	7	GameObject	Line	13800
09631c7c54e3809419e86678435d80b7	8	GameObject	SelectUI	13800
09631c7c54e3809419e86678435d80b7	9	GameObject	Icon	13800
09631c7c54e3809419e86678435d80b7	10	GameObject	Label_PlaceRail	13800
09631c7c54e3809419e86678435d80b7	11	GameObject	RotateRail	13800
09631c7c54e3809419e86678435d80b7	12	GameObject	Icon	13800
09631c7c54e3809419e86678435d80b7	13	GameObject	Icon	13800
09631c7c54e3809419e86678435d80b7	14	GameObject	Icon	13800
09631c7c54e3809419e86678435d80b7	15	GameObject	TextBG	13800
09631c7c54e3809419e86678435d80b7	16	GameObject	Label_SwapRail	13800
09631c7c54e3809419e86678435d80b7	17	GameObject	Mask_Type2	13800
09631c7c54e3809419e86678435d80b7	18	GameObject	TextBG	13800
09631c7c54e3809419e86678435d80b7	19	GameObject	UISelectTile_RoadPuzzle	13800
09631c7c54e3809419e86678435d80b7	20	GameObject	SwapRail	13800
0976803456d91114294cee1e9d884b92	1	Material	StencilMask	4828
09b7735f7c4fc394aaa74be02c6637b0	1	Texture2D	AccountSettings_Icon	7708
09b7735f7c4fc394aaa74be02c6637b0	2	Sprite	AccountSettings_Icon	7708
09ca66869f74fb14db571994f4c3d62e	1	Texture2D	indicator16	37200
09ca66869f74fb14db571994f4c3d62e	2	Sprite	indicator16	37200
0ac45cb50d91de1489ae97b6cba2e00a	1	GameObject	Contents	10656
0ac45cb50d91de1489ae97b6cba2e00a	2	GameObject	NXPNexonUnregisterView	10656
0ac45cb50d91de1489ae97b6cba2e00a	3	GameObject	Overlay	10656
0ac45cb50d91de1489ae97b6cba2e00a	4	GameObject	AccountIcon	10656
0ac45cb50d91de1489ae97b6cba2e00a	5	GameObject	Window	10656
0ac45cb50d91de1489ae97b6cba2e00a	6	GameObject	UnregisterButton	10656
0ac45cb50d91de1489ae97b6cba2e00a	7	GameObject	BackButton	10656
0ac45cb50d91de1489ae97b6cba2e00a	8	GameObject	Separator	10656
0ac45cb50d91de1489ae97b6cba2e00a	9	GameObject	AccountType	10656
0ac45cb50d91de1489ae97b6cba2e00a	10	GameObject	Email	10656
0ac45cb50d91de1489ae97b6cba2e00a	11	GameObject	CloseButton	10656
0ac45cb50d91de1489ae97b6cba2e00a	12	GameObject	Header	10656
0ac45cb50d91de1489ae97b6cba2e00a	13	GameObject	Title	10656
0ac45cb50d91de1489ae97b6cba2e00a	14	GameObject	UnregisterButtonText	10656
0ac45cb50d91de1489ae97b6cba2e00a	15	GameObject	Description	10656
0b11a118f19e24146be9e10e4920a71f	1	Material	Conquest	4376
0b4412dee3045a24fa2c23e17c46f4ab	1	GameObject	Label_New	13244
0b4412dee3045a24fa2c23e17c46f4ab	2	GameObject	IDInput	13244
0b4412dee3045a24fa2c23e17c46f4ab	3	GameObject	Right_Top	13244
0b4412dee3045a24fa2c23e17c46f4ab	4	GameObject	Label_NewAccount	13244
0b4412dee3045a24fa2c23e17c46f4ab	5	GameObject	Btn_Login	13244
0b4412dee3045a24fa2c23e17c46f4ab	6	GameObject	Bottom	13244
0b4412dee3045a24fa2c23e17c46f4ab	7	GameObject	Dev	13244
0b4412dee3045a24fa2c23e17c46f4ab	8	GameObject	Label_Login	13244
0b4412dee3045a24fa2c23e17c46f4ab	9	GameObject	Sprite	13244
0b4412dee3045a24fa2c23e17c46f4ab	10	GameObject	Login	13244
0b4412dee3045a24fa2c23e17c46f4ab	11	GameObject	IDInputBG	13244
0b4412dee3045a24fa2c23e17c46f4ab	12	GameObject	Btn_Login	13244
0b4412dee3045a24fa2c23e17c46f4ab	13	GameObject	BG	13244
0b4412dee3045a24fa2c23e17c46f4ab	14	GameObject	Deco	13244
0b4412dee3045a24fa2c23e17c46f4ab	15	GameObject	UIDevLogin	13244
0b4412dee3045a24fa2c23e17c46f4ab	16	GameObject	BG	13244
0b4412dee3045a24fa2c23e17c46f4ab	17	GameObject	Widget	13244
0b4412dee3045a24fa2c23e17c46f4ab	18	GameObject	Deco	13244
0b4412dee3045a24fa2c23e17c46f4ab	19	GameObject	Label_Input	13244
0b47ec1a3600a6d46ae5d20b8ac21c51	1	Texture2D	FX_TEX_Conquest_Boarderline_01	5260
0b93518eb8658364a85cef229a4d95f0	1	GameObject	Overlay	10940
0b93518eb8658364a85cef229a4d95f0	2	GameObject	CancelButton	10940
0b93518eb8658364a85cef229a4d95f0	3	GameObject	Contents	10940
0b93518eb8658364a85cef229a4d95f0	4	GameObject	Window	10940
0b93518eb8658364a85cef229a4d95f0	5	GameObject	ButtonGroup	10940
0b93518eb8658364a85cef229a4d95f0	6	GameObject	Description	10940
0b93518eb8658364a85cef229a4d95f0	7	GameObject	CloseButton	10940
0b93518eb8658364a85cef229a4d95f0	8	GameObject	NXPFundsSettlementConfirmView	10940
0b93518eb8658364a85cef229a4d95f0	9	GameObject	CancelText	10940
0b93518eb8658364a85cef229a4d95f0	10	GameObject	BackButton	10940
0b93518eb8658364a85cef229a4d95f0	11	GameObject	ConfirmButton	10940
0b93518eb8658364a85cef229a4d95f0	12	GameObject	Header	10940
0b93518eb8658364a85cef229a4d95f0	13	GameObject	ConfirmText	10940
0b93518eb8658364a85cef229a4d95f0	14	GameObject	Title	10940
0c0375b247084024a96d6cf0b30137d7	1	Texture2D	Common_Icon_PCScreenShot	4996
0c2b59adb2c99f84eb3c93d10c9602c9	1	Texture2D	icon_default_10	6120
0c2b59adb2c99f84eb3c93d10c9602c9	2	Sprite	icon_default_10	6120
0c3bc19c3cdbe2a40bd30f22cf47cd25	1	GameObject	Input	80944
0c3bc19c3cdbe2a40bd30f22cf47cd25	2	GameObject	Base	80944
0c3bc19c3cdbe2a40bd30f22cf47cd25	3	GameObject	BG	80944
0c3bc19c3cdbe2a40bd30f22cf47cd25	4	GameObject	Btn_AccontChange	80944
0c3bc19c3cdbe2a40bd30f22cf47cd25	5	GameObject	Center	80944
0c3bc19c3cdbe2a40bd30f22cf47cd25	6	GameObject	Texture	80944
0c3bc19c3cdbe2a40bd30f22cf47cd25	7	GameObject	Text	80944
0c3bc19c3cdbe2a40bd30f22cf47cd25	8	GameObject	Icon	80944
0c3bc19c3cdbe2a40bd30f22cf47cd25	9	GameObject	BG	80944
0c3bc19c3cdbe2a40bd30f22cf47cd25	10	GameObject	Text_Locale	80944
0c3bc19c3cdbe2a40bd30f22cf47cd25	11	GameObject	Widget_ButtonBottom	80944
0c3bc19c3cdbe2a40bd30f22cf47cd25	12	GameObject	Deco	80944
0c3bc19c3cdbe2a40bd30f22cf47cd25	13	GameObject	SCHALE	80944
0c3bc19c3cdbe2a40bd30f22cf47cd25	14	GameObject	Text	80944
0c3bc19c3cdbe2a40bd30f22cf47cd25	15	GameObject	Text	80944
0c3bc19c3cdbe2a40bd30f22cf47cd25	16	GameObject	Loading	80944
0c3bc19c3cdbe2a40bd30f22cf47cd25	17	GameObject	Text	80944
0c3bc19c3cdbe2a40bd30f22cf47cd25	18	GameObject	Line	80944
0c3bc19c3cdbe2a40bd30f22cf47cd25	19	GameObject	Label_Ver	80944
0c3bc19c3cdbe2a40bd30f22cf47cd25	20	GameObject	Restore	80944
0c3bc19c3cdbe2a40bd30f22cf47cd25	21	GameObject	Popup	80944
0c3bc19c3cdbe2a40bd30f22cf47cd25	22	GameObject	Update	80944
0c3bc19c3cdbe2a40bd30f22cf47cd25	23	GameObject	BG	80944
0c3bc19c3cdbe2a40bd30f22cf47cd25	24	GameObject	GageBG	80944
0c3bc19c3cdbe2a40bd30f22cf47cd25	25	GameObject	Label_UID	80944
0c3bc19c3cdbe2a40bd30f22cf47cd25	26	GameObject	Top	80944
0c3bc19c3cdbe2a40bd30f22cf47cd25	27	GameObject	INIT_GAMESETTING	80944
0c3bc19c3cdbe2a40bd30f22cf47cd25	28	GameObject	Deco (2)	80944
0c3bc19c3cdbe2a40bd30f22cf47cd25	29	GameObject	Line	80944
0c3bc19c3cdbe2a40bd30f22cf47cd25	30	GameObject	Dim	80944
0c3bc19c3cdbe2a40bd30f22cf47cd25	31	GameObject	TopRight	80944
0c3bc19c3cdbe2a40bd30f22cf47cd25	32	GameObject	Right_Top	80944
0c3bc19c3cdbe2a40bd30f22cf47cd25	33	GameObject	Complete_Cache_Clear	80944
0c3bc19c3cdbe2a40bd30f22cf47cd25	34	GameObject	Widget_InfoLabel	80944
0c3bc19c3cdbe2a40bd30f22cf47cd25	35	GameObject	Label_Locale_UpdateNum	80944
0c3bc19c3cdbe2a40bd30f22cf47cd25	36	GameObject	Login_Cache_Aux	80944
0c3bc19c3cdbe2a40bd30f22cf47cd25	37	GameObject	Label_Locale_Login	80944
0c3bc19c3cdbe2a40bd30f22cf47cd25	38	GameObject	UpdateWidget	80944
0c3bc19c3cdbe2a40bd30f22cf47cd25	39	GameObject	Placeholder	80944
0c3bc19c3cdbe2a40bd30f22cf47cd25	40	GameObject	BG_Line	80944
0c3bc19c3cdbe2a40bd30f22cf47cd25	41	GameObject	BG_Main	80944
0c3bc19c3cdbe2a40bd30f22cf47cd25	42	GameObject	Deco (1)	80944
0c3bc19c3cdbe2a40bd30f22cf47cd25	43	GameObject	Text	80944
0c3bc19c3cdbe2a40bd30f22cf47cd25	44	GameObject	Label_Locale_Login	80944
0c3bc19c3cdbe2a40bd30f22cf47cd25	45	GameObject	Texture_LogoEn	80944
0c3bc19c3cdbe2a40bd30f22cf47cd25	46	GameObject	Text_Locale	80944
0c3bc19c3cdbe2a40bd30f22cf47cd25	47	GameObject	Notice_Normal	80944
0c3bc19c3cdbe2a40bd30f22cf47cd25	48	GameObject	Notice_Pressed	80944
0c3bc19c3cdbe2a40bd30f22cf47cd25	49	GameObject	Bottom	80944
0c3bc19c3cdbe2a40bd30f22cf47cd25	50	GameObject	BlackBgClickArea	80944
0c3bc19c3cdbe2a40bd30f22cf47cd25	51	GameObject	Texture (1)	80944
0c3bc19c3cdbe2a40bd30f22cf47cd25	52	GameObject	Title_Locale	80944
0c3bc19c3cdbe2a40bd30f22cf47cd25	53	GameObject	Label_BuildName	80944
0c3bc19c3cdbe2a40bd30f22cf47cd25	54	GameObject	Sprite	80944
0c3bc19c3cdbe2a40bd30f22cf47cd25	55	GameObject	Center	80944
0c3bc19c3cdbe2a40bd30f22cf47cd25	56	GameObject	Fore	80944
0c3bc19c3cdbe2a40bd30f22cf47cd25	57	GameObject	Label_LoginInfo	80944
0c3bc19c3cdbe2a40bd30f22cf47cd25	58	GameObject	LoadingIcon	80944
0c3bc19c3cdbe2a40bd30f22cf47cd25	59	GameObject	Text	80944
0c3bc19c3cdbe2a40bd30f22cf47cd25	60	GameObject	Title_Locale	80944
0c3bc19c3cdbe2a40bd30f22cf47cd25	61	GameObject	Popup_CallingName	80944
0c3bc19c3cdbe2a40bd30f22cf47cd25	62	GameObject	Texture_LogoKr	80944
0c3bc19c3cdbe2a40bd30f22cf47cd25	63	GameObject	Label_Locale_Update	80944
0c3bc19c3cdbe2a40bd30f22cf47cd25	64	GameObject	Start_Btn	80944
0c3bc19c3cdbe2a40bd30f22cf47cd25	65	GameObject	BlackBg	80944
0c3bc19c3cdbe2a40bd30f22cf47cd25	66	GameObject	Data_Clear_Widget	80944
0c3bc19c3cdbe2a40bd30f22cf47cd25	67	GameObject	BG_Line	80944
0c3bc19c3cdbe2a40bd30f22cf47cd25	68	GameObject	LoginAccountInfo	80944
0c3bc19c3cdbe2a40bd30f22cf47cd25	69	GameObject	Label	80944
0c3bc19c3cdbe2a40bd30f22cf47cd25	70	GameObject	Deco	80944
0c3bc19c3cdbe2a40bd30f22cf47cd25	71	GameObject	Deco	80944
0c3bc19c3cdbe2a40bd30f22cf47cd25	72	GameObject	Deco	80944
0c3bc19c3cdbe2a40bd30f22cf47cd25	73	GameObject	Sprite	80944
0c3bc19c3cdbe2a40bd30f22cf47cd25	74	GameObject	BG_Pad	80944
0c3bc19c3cdbe2a40bd30f22cf47cd25	75	GameObject	BG	80944
0c3bc19c3cdbe2a40bd30f22cf47cd25	76	GameObject	Pad	80944
0c3bc19c3cdbe2a40bd30f22cf47cd25	77	GameObject	Btn	80944
0c3bc19c3cdbe2a40bd30f22cf47cd25	78	GameObject	BG	80944
0c3bc19c3cdbe2a40bd30f22cf47cd25	79	GameObject	Label_Sub	80944
0c3bc19c3cdbe2a40bd30f22cf47cd25	80	GameObject	Texture_LogoTw	80944
0c3bc19c3cdbe2a40bd30f22cf47cd25	81	GameObject	BlackBgNoneClickArea	80944
0c3bc19c3cdbe2a40bd30f22cf47cd25	82	GameObject	Text	80944
0c3bc19c3cdbe2a40bd30f22cf47cd25	83	GameObject	AronaDeco	80944
0c3bc19c3cdbe2a40bd30f22cf47cd25	84	GameObject	IDInputBG	80944
0c3bc19c3cdbe2a40bd30f22cf47cd25	85	GameObject	Rating	80944
0c3bc19c3cdbe2a40bd30f22cf47cd25	86	GameObject	BlackBg	80944
0c3bc19c3cdbe2a40bd30f22cf47cd25	87	GameObject	Label_Locale_Sub	80944
0c3bc19c3cdbe2a40bd30f22cf47cd25	88	GameObject	Input	80944
0c3bc19c3cdbe2a40bd30f22cf47cd25	89	GameObject	Deco	80944
0c3bc19c3cdbe2a40bd30f22cf47cd25	90	GameObject	Text_Locale_Teacher	80944
0c3bc19c3cdbe2a40bd30f22cf47cd25	91	GameObject	Texture_SexualityKr	80944
0c3bc19c3cdbe2a40bd30f22cf47cd25	92	GameObject	NicknameGuideText	80944
0c3bc19c3cdbe2a40bd30f22cf47cd25	93	GameObject	Deco (1)	80944
0c3bc19c3cdbe2a40bd30f22cf47cd25	94	GameObject	Texture	80944
0c3bc19c3cdbe2a40bd30f22cf47cd25	95	GameObject	Texture_RatingKr	80944
0c3bc19c3cdbe2a40bd30f22cf47cd25	96	GameObject	Text	80944
0c3bc19c3cdbe2a40bd30f22cf47cd25	97	GameObject	Deco (1)	80944
0c3bc19c3cdbe2a40bd30f22cf47cd25	98	GameObject	Popup_NickName	80944
0c3bc19c3cdbe2a40bd30f22cf47cd25	99	GameObject	Gage	80944
0c3bc19c3cdbe2a40bd30f22cf47cd25	100	GameObject	Icon	80944
0c3bc19c3cdbe2a40bd30f22cf47cd25	101	GameObject	Label_Copy	80944
0c3bc19c3cdbe2a40bd30f22cf47cd25	102	GameObject	Popup	80944
0c3bc19c3cdbe2a40bd30f22cf47cd25	103	GameObject	Data_Notice_Widget	80944
0c3bc19c3cdbe2a40bd30f22cf47cd25	104	GameObject	Label_Locale_Info	80944
0c3bc19c3cdbe2a40bd30f22cf47cd25	105	GameObject	Line	80944
0c3bc19c3cdbe2a40bd30f22cf47cd25	106	GameObject	Widget_ButtonTop	80944
0c3bc19c3cdbe2a40bd30f22cf47cd25	107	GameObject	Label_Title	80944
0c3bc19c3cdbe2a40bd30f22cf47cd25	108	GameObject	BlackBg	80944
0c3bc19c3cdbe2a40bd30f22cf47cd25	109	GameObject	Menu_Pressed	80944
0c3bc19c3cdbe2a40bd30f22cf47cd25	110	GameObject	Popup_Menu	80944
0c3bc19c3cdbe2a40bd30f22cf47cd25	111	GameObject	Cache_Clear	80944
0c3bc19c3cdbe2a40bd30f22cf47cd25	112	GameObject	BG_Base	80944
0c3bc19c3cdbe2a40bd30f22cf47cd25	113	GameObject	Label_Patch	80944
0c3bc19c3cdbe2a40bd30f22cf47cd25	114	GameObject	Btn	80944
0c3bc19c3cdbe2a40bd30f22cf47cd25	115	GameObject	Deco (2)	80944
0c3bc19c3cdbe2a40bd30f22cf47cd25	116	GameObject	Label_Region	80944
0c3bc19c3cdbe2a40bd30f22cf47cd25	117	GameObject	Deco	80944
0c3bc19c3cdbe2a40bd30f22cf47cd25	118	GameObject	Deco (3)	80944
0c3bc19c3cdbe2a40bd30f22cf47cd25	119	GameObject	BG	80944
0c3bc19c3cdbe2a40bd30f22cf47cd25	120	GameObject	Btn_Close	80944
0c3bc19c3cdbe2a40bd30f22cf47cd25	121	GameObject	UITitle	80944
0c3bc19c3cdbe2a40bd30f22cf47cd25	122	GameObject	NAT	80944
0c3bc19c3cdbe2a40bd30f22cf47cd25	123	GameObject	Deco	80944
0c3bc19c3cdbe2a40bd30f22cf47cd25	124	GameObject	Placeholder	80944
0c3bc19c3cdbe2a40bd30f22cf47cd25	125	GameObject	Deco (3)	80944
0c3bc19c3cdbe2a40bd30f22cf47cd25	126	GameObject	Menu_Normal	80944
0c3bc19c3cdbe2a40bd30f22cf47cd25	127	GameObject	Widget	80944
0c3bc19c3cdbe2a40bd30f22cf47cd25	128	GameObject	BG	80944
0c3bc19c3cdbe2a40bd30f22cf47cd25	129	GameObject	BG_SubInfo	80944
0c3bc19c3cdbe2a40bd30f22cf47cd25	130	GameObject	Label_Locale	80944
0c3bc19c3cdbe2a40bd30f22cf47cd25	131	GameObject	Btn_AccontChangeWidget	80944
0c3bc19c3cdbe2a40bd30f22cf47cd25	132	GameObject	Deco	80944
0c3bc19c3cdbe2a40bd30f22cf47cd25	133	GameObject	MX	80944
0c3bc19c3cdbe2a40bd30f22cf47cd25	134	GameObject	Text	80944
0c3bc19c3cdbe2a40bd30f22cf47cd25	135	GameObject	Texture_RatingTw	80944
0c3bc19c3cdbe2a40bd30f22cf47cd25	136	GameObject	Icon	80944
0c3bc19c3cdbe2a40bd30f22cf47cd25	137	GameObject	Option	80944
0c3bc19c3cdbe2a40bd30f22cf47cd25	138	GameObject	Text	80944
0ca3f15136441554bb12dcd134f033bb	1	GameObject	UnderLine	19104
0ca3f15136441554bb12dcd134f033bb	2	GameObject	Title	19104
0ca3f15136441554bb12dcd134f033bb	3	GameObject	TitleAndHelpGroup	19104
0ca3f15136441554bb12dcd134f033bb	4	GameObject	Window	19104
0ca3f15136441554bb12dcd134f033bb	5	GameObject	NPACode	19104
0ca3f15136441554bb12dcd134f033bb	6	GameObject	Description	19104
0ca3f15136441554bb12dcd134f033bb	7	GameObject	Selected	19104
0ca3f15136441554bb12dcd134f033bb	8	GameObject	VerticalSeparator1	19104
0ca3f15136441554bb12dcd134f033bb	9	GameObject	ExposureHistory	19104
0ca3f15136441554bb12dcd134f033bb	10	GameObject	HelpButton	19104
0ca3f15136441554bb12dcd134f033bb	11	GameObject	DeleteHistory	19104
0ca3f15136441554bb12dcd134f033bb	12	GameObject	ExposureToggle	19104
0ca3f15136441554bb12dcd134f033bb	13	GameObject	Header	19104
0ca3f15136441554bb12dcd134f033bb	14	GameObject	Email	19104
0ca3f15136441554bb12dcd134f033bb	15	GameObject	DeleteButton	19104
0ca3f15136441554bb12dcd134f033bb	16	GameObject	Background	19104
0ca3f15136441554bb12dcd134f033bb	17	GameObject	AccountInfo	19104
0ca3f15136441554bb12dcd134f033bb	18	GameObject	VerticalSeparator4	19104
0ca3f15136441554bb12dcd134f033bb	19	GameObject	NXPUserInfoView	19104
0ca3f15136441554bb12dcd134f033bb	20	GameObject	Contents	19104
0ca3f15136441554bb12dcd134f033bb	21	GameObject	VerticalSeparator2	19104
0ca3f15136441554bb12dcd134f033bb	22	GameObject	CodeTitle	19104
0ca3f15136441554bb12dcd134f033bb	23	GameObject	ExposureHistoryTitle	19104
0ca3f15136441554bb12dcd134f033bb	24	GameObject	AccountIcon	19104
0ca3f15136441554bb12dcd134f033bb	25	GameObject	DeleteHistoryTitle	19104
0ca3f15136441554bb12dcd134f033bb	26	GameObject	Overlay	19104
0ca3f15136441554bb12dcd134f033bb	27	GameObject	CloseButton	19104
0ca3f15136441554bb12dcd134f033bb	28	GameObject	CodeInfo	19104
0ca3f15136441554bb12dcd134f033bb	29	GameObject	VerticalSeparator3	19104
0ca3f15136441554bb12dcd134f033bb	30	GameObject	AccountType	19104
0ca3f15136441554bb12dcd134f033bb	31	GameObject	Code	19104
0ca3f15136441554bb12dcd134f033bb	32	GameObject	Separator	19104
0ca3f15136441554bb12dcd134f033bb	33	GameObject	BackButton	19104
0ccecebfdc6ab8d479a827fa73e1baa7	1	GameObject	ResourcesContainer	4584
0dc5b250c77dc6449b3242de898c809f	1	GameObject	TextBG (1)	32152
0dc5b250c77dc6449b3242de898c809f	2	GameObject	Label_RemoveErosion	32152
0dc5b250c77dc6449b3242de898c809f	3	GameObject	Label_Locale	32152
0dc5b250c77dc6449b3242de898c809f	4	GameObject	Mask_Type1	32152
0dc5b250c77dc6449b3242de898c809f	5	GameObject	Line	32152
0dc5b250c77dc6449b3242de898c809f	6	GameObject	Disable	32152
0dc5b250c77dc6449b3242de898c809f	7	GameObject	Tile	32152
0dc5b250c77dc6449b3242de898c809f	8	GameObject	Icon	32152
0dc5b250c77dc6449b3242de898c809f	9	GameObject	Operation	32152
0dc5b250c77dc6449b3242de898c809f	10	GameObject	AudioSourceObjectParent	32152
0dc5b250c77dc6449b3242de898c809f	11	GameObject	Icon	32152
0dc5b250c77dc6449b3242de898c809f	12	GameObject	Attack	32152
0dc5b250c77dc6449b3242de898c809f	13	GameObject	RemoveErosion	32152
0dc5b250c77dc6449b3242de898c809f	14	GameObject	TextBG	32152
0dc5b250c77dc6449b3242de898c809f	15	GameObject	SelectIcon	32152
0dc5b250c77dc6449b3242de898c809f	16	GameObject	TextBG (1)	32152
0dc5b250c77dc6449b3242de898c809f	17	GameObject	TextBG	32152
0dc5b250c77dc6449b3242de898c809f	18	GameObject	TextBG	32152
0dc5b250c77dc6449b3242de898c809f	19	GameObject	Mask_Type3	32152
0dc5b250c77dc6449b3242de898c809f	20	GameObject	Line	32152
0dc5b250c77dc6449b3242de898c809f	21	GameObject	Label_Locale	32152
0dc5b250c77dc6449b3242de898c809f	22	GameObject	Label_Action	32152
0dc5b250c77dc6449b3242de898c809f	23	GameObject	Tile	32152
0dc5b250c77dc6449b3242de898c809f	24	GameObject	TextBG	32152
0dc5b250c77dc6449b3242de898c809f	25	GameObject	SelectUI	32152
0dc5b250c77dc6449b3242de898c809f	26	GameObject	TextBG	32152
0dc5b250c77dc6449b3242de898c809f	27	GameObject	Icon	32152
0dc5b250c77dc6449b3242de898c809f	28	GameObject	Label_Locale	32152
0dc5b250c77dc6449b3242de898c809f	29	GameObject	Line	32152
0dc5b250c77dc6449b3242de898c809f	30	GameObject	Disable_1	32152
0dc5b250c77dc6449b3242de898c809f	31	GameObject	Label_Tile	32152
0dc5b250c77dc6449b3242de898c809f	32	GameObject	Icon	32152
0dc5b250c77dc6449b3242de898c809f	33	GameObject	Icon	32152
0dc5b250c77dc6449b3242de898c809f	34	GameObject	ReAttack	32152
0dc5b250c77dc6449b3242de898c809f	35	GameObject	Occupation	32152
0dc5b250c77dc6449b3242de898c809f	36	GameObject	Icon	32152
0dc5b250c77dc6449b3242de898c809f	37	GameObject	Icon	32152
0dc5b250c77dc6449b3242de898c809f	38	GameObject	Disable_2	32152
0dc5b250c77dc6449b3242de898c809f	39	GameObject	Icon	32152
0dc5b250c77dc6449b3242de898c809f	40	GameObject	TextBG	32152
0dc5b250c77dc6449b3242de898c809f	41	GameObject	Label_Tile	32152
0dc5b250c77dc6449b3242de898c809f	42	GameObject	Mask_Type2	32152
0dc5b250c77dc6449b3242de898c809f	43	GameObject	Icon (1)	32152
0dc5b250c77dc6449b3242de898c809f	44	GameObject	TextBG	32152
0dc5b250c77dc6449b3242de898c809f	45	GameObject	HexaUI_Conquest	32152
0dc5b250c77dc6449b3242de898c809f	46	GameObject	TextBG	32152
0dc5b250c77dc6449b3242de898c809f	47	GameObject	TextBG (1)	32152
0dc5b250c77dc6449b3242de898c809f	48	GameObject	Label_Locale	32152
0dc5b250c77dc6449b3242de898c809f	49	GameObject	Tile	32152
0dc5b250c77dc6449b3242de898c809f	50	GameObject	Box	32152
0dc5b250c77dc6449b3242de898c809f	51	GameObject	Label_Tile	32152
0dc5b250c77dc6449b3242de898c809f	52	GameObject	Icon (1)	32152
0dc5b250c77dc6449b3242de898c809f	53	GameObject	TextBG	32152
0dd9172143c8d754485c0a2a48509166	1	AnimationClip	UIAni_Campaign_SkipResult_Defeat	6944
0e226ab810386724183fc0149db71065	1	Texture2D	icon_delete_hoverpressed	8308
0e226ab810386724183fc0149db71065	2	Sprite	icon_delete_hoverpressed	8308
0e26afefe4477f740af78200720725d1	1	Texture2D	@ popup btn close_black_02	9376
0e26afefe4477f740af78200720725d1	2	Sprite	@ popup btn close_black_02	9376
0e749d75e5f1216499ca7023a24dd02f	1	AnimationClip	UIAni_Campaign_SkipResult_Victory	7692
0eba0702802587f4eb6374f782483d3a	1	Texture2D	btn_account_guest	11576
0eba0702802587f4eb6374f782483d3a	2	Sprite	btn_account_guest	11576
0edff5ea4ca305e4c864e30d47b0d8ff	1	Texture2D	Common_Square_BgImg	4240
0f539a1e20d04314896abf0d4dc78989	1	Material	UnlitTransparentColored	5120
0fe11164149b9664c8ce029a0f9a8894	1	Texture2D	nexon_symbol	28256
0fe11164149b9664c8ce029a0f9a8894	2	Sprite	nexon_symbol	28256
104f9f3fe61996f4a9b2ab34956376c6	1	TextAsset	LocalizeCodeInBuildDBSchema	36900
10a25524b0986f9488b430e2829bbbe8	1	GameObject	DebugUIMessageBox	5040
10a25524b0986f9488b430e2829bbbe8	2	GameObject	Text	5040
112da1bb382f0bd4cb43218d8a013fbc	1	Texture2D	icon_check_disabled	5236
112da1bb382f0bd4cb43218d8a013fbc	2	Sprite	icon_check_disabled	5236
118d322c2da0fce4b903e0953afcb68d	1	GameObject	TermsDetail	6944
118d322c2da0fce4b903e0953afcb68d	2	GameObject	TermsTitle	6944
118d322c2da0fce4b903e0953afcb68d	3	GameObject	AgreeCheckBox	6944
118d322c2da0fce4b903e0953afcb68d	4	GameObject	NXPTermsItem	6944
118d322c2da0fce4b903e0953afcb68d	5	GameObject	Text	6944
119541c9983c32144b1fe58c097b139b	1	AnimationClip	UIAni_Button_Scale	6568
12093a1aa86815542900c5ddf4db6b69	1	Material	Grid	4960
127279d577f25ac4ea17dae3782e5074	1	Texture2D	White1px	4640
127279d577f25ac4ea17dae3782e5074	2	Sprite	White1px	4640
12a0b405b4a5f24438398b7ef8a00425	1	Texture2D	icon_ial_psn	129652
12a0b405b4a5f24438398b7ef8a00425	2	Sprite	icon_ial_psn	129652
12f975dff9cdd0d4f948e7e5b0a00457	1	GameObject	Icon	36468
12f975dff9cdd0d4f948e7e5b0a00457	2	GameObject	Label_Title	36468
12f975dff9cdd0d4f948e7e5b0a00457	3	GameObject	Label_Locale_UnitList	36468
12f975dff9cdd0d4f948e7e5b0a00457	4	GameObject	BG_Birth	36468
12f975dff9cdd0d4f948e7e5b0a00457	5	GameObject	BlackBg	36468
12f975dff9cdd0d4f948e7e5b0a00457	6	GameObject	Base	36468
12f975dff9cdd0d4f948e7e5b0a00457	7	GameObject	BG	36468
12f975dff9cdd0d4f948e7e5b0a00457	8	GameObject	Label_Locale_OK	36468
12f975dff9cdd0d4f948e7e5b0a00457	9	GameObject	Label_Locale_Info	36468
12f975dff9cdd0d4f948e7e5b0a00457	10	GameObject	BlackBgClickArea	36468
12f975dff9cdd0d4f948e7e5b0a00457	11	GameObject	Label_Locale_Birth	36468
12f975dff9cdd0d4f948e7e5b0a00457	12	GameObject	Line	36468
12f975dff9cdd0d4f948e7e5b0a00457	13	GameObject	InputField	36468
12f975dff9cdd0d4f948e7e5b0a00457	14	GameObject	Popup	36468
12f975dff9cdd0d4f948e7e5b0a00457	15	GameObject	Label_Locale_MainText	36468
12f975dff9cdd0d4f948e7e5b0a00457	16	GameObject	Texture (1)	36468
12f975dff9cdd0d4f948e7e5b0a00457	17	GameObject	BlackBgNoneClickArea	36468
12f975dff9cdd0d4f948e7e5b0a00457	18	GameObject	Label	36468
12f975dff9cdd0d4f948e7e5b0a00457	19	GameObject	Btn_2	36468
12f975dff9cdd0d4f948e7e5b0a00457	20	GameObject	Label_Birth	36468
12f975dff9cdd0d4f948e7e5b0a00457	21	GameObject	BG_Title	36468
12f975dff9cdd0d4f948e7e5b0a00457	22	GameObject	Pt (1)	36468
12f975dff9cdd0d4f948e7e5b0a00457	23	GameObject	Sprite	36468
12f975dff9cdd0d4f948e7e5b0a00457	24	GameObject	Pt (1)	36468
12f975dff9cdd0d4f948e7e5b0a00457	25	GameObject	Btn_Close	36468
12f975dff9cdd0d4f948e7e5b0a00457	26	GameObject	BG_Line	36468
12f975dff9cdd0d4f948e7e5b0a00457	27	GameObject	Center	36468
12f975dff9cdd0d4f948e7e5b0a00457	28	GameObject	Texture	36468
12f975dff9cdd0d4f948e7e5b0a00457	29	GameObject	Label	36468
12f975dff9cdd0d4f948e7e5b0a00457	30	GameObject	BG (1)	36468
12f975dff9cdd0d4f948e7e5b0a00457	31	GameObject	UIPopup_Birth_DOB	36468
12f975dff9cdd0d4f948e7e5b0a00457	32	GameObject	Btn_Ok	36468
12f975dff9cdd0d4f948e7e5b0a00457	33	GameObject	Pt	36468
12f975dff9cdd0d4f948e7e5b0a00457	34	GameObject	Btn_Cancel	36468
12f975dff9cdd0d4f948e7e5b0a00457	35	GameObject	Line	36468
12f975dff9cdd0d4f948e7e5b0a00457	36	GameObject	BlackBgClickArea	36468
12f975dff9cdd0d4f948e7e5b0a00457	37	GameObject	BG	36468
12f975dff9cdd0d4f948e7e5b0a00457	38	GameObject	Label_Locale_Info	36468
12f975dff9cdd0d4f948e7e5b0a00457	39	GameObject	Base	36468
12f975dff9cdd0d4f948e7e5b0a00457	40	GameObject	Pt	36468
12f975dff9cdd0d4f948e7e5b0a00457	41	GameObject	BG_Birth	36468
12f975dff9cdd0d4f948e7e5b0a00457	42	GameObject	Btn_Ok	36468
12f975dff9cdd0d4f948e7e5b0a00457	43	GameObject	Label_Title	36468
12f975dff9cdd0d4f948e7e5b0a00457	44	GameObject	Icon	36468
12f975dff9cdd0d4f948e7e5b0a00457	45	GameObject	BlackBgNoneClickArea	36468
12f975dff9cdd0d4f948e7e5b0a00457	46	GameObject	BG (1)	36468
12f975dff9cdd0d4f948e7e5b0a00457	47	GameObject	Label_Locale_Title	36468
12f975dff9cdd0d4f948e7e5b0a00457	48	GameObject	Texture (1)	36468
12f975dff9cdd0d4f948e7e5b0a00457	49	GameObject	Sprite	36468
12f975dff9cdd0d4f948e7e5b0a00457	50	GameObject	Popup	36468
12f975dff9cdd0d4f948e7e5b0a00457	51	GameObject	Pt (1)	36468
12f975dff9cdd0d4f948e7e5b0a00457	52	GameObject	BG_Line	36468
12f975dff9cdd0d4f948e7e5b0a00457	53	GameObject	Pt	36468
12f975dff9cdd0d4f948e7e5b0a00457	54	GameObject	Btn_Close	36468
12f975dff9cdd0d4f948e7e5b0a00457	55	GameObject	Label_BirthVal	36468
12f975dff9cdd0d4f948e7e5b0a00457	56	GameObject	Label_Locale_UnitList	36468
12f975dff9cdd0d4f948e7e5b0a00457	57	GameObject	BG (1)	36468
12f975dff9cdd0d4f948e7e5b0a00457	58	GameObject	UIPopup_Birth_Confirm	36468
12f975dff9cdd0d4f948e7e5b0a00457	59	GameObject	BlackBg	36468
12f975dff9cdd0d4f948e7e5b0a00457	60	GameObject	Sprite (1)	36468
12f975dff9cdd0d4f948e7e5b0a00457	61	GameObject	Sprite (1)	36468
12f975dff9cdd0d4f948e7e5b0a00457	62	GameObject	Texture	36468
12f975dff9cdd0d4f948e7e5b0a00457	63	GameObject	BG_Title	36468
12f975dff9cdd0d4f948e7e5b0a00457	64	GameObject	Center	36468
13387474de83f0a46923dc0a1439eb92	1	GameObject	Vector2Field	8248
13387474de83f0a46923dc0a1439eb92	2	GameObject	VariableName	8248
13387474de83f0a46923dc0a1439eb92	3	GameObject	Text	8248
13387474de83f0a46923dc0a1439eb92	4	GameObject	XLabel	8248
13387474de83f0a46923dc0a1439eb92	5	GameObject	YInputField	8248
13387474de83f0a46923dc0a1439eb92	6	GameObject	YLabel	8248
13387474de83f0a46923dc0a1439eb92	7	GameObject	Text	8248
13387474de83f0a46923dc0a1439eb92	8	GameObject	VariableNameMask	8248
13387474de83f0a46923dc0a1439eb92	9	GameObject	XInputField	8248
13cf7332226008442b8580b77f349c35	1	Material	Worldraid	4380
14f506af9dd65854ca8fad6d0f7d1087	1	Texture2D	Icon_baseplate_mobile	5216
14f506af9dd65854ca8fad6d0f7d1087	2	Sprite	Icon_baseplate_mobile	5216
15335736af1728c4f9929b545777009a	1	TextAsset	values-ru	87232
157ccac14e6c44d47ab2729a4b4c4547	1	GameObject	Checkmark	6400
157ccac14e6c44d47ab2729a4b4c4547	2	GameObject	VariableNameMask	6400
157ccac14e6c44d47ab2729a4b4c4547	3	GameObject	BoolField	6400
157ccac14e6c44d47ab2729a4b4c4547	4	GameObject	VariableName	6400
157ccac14e6c44d47ab2729a4b4c4547	5	GameObject	Background	6400
157ccac14e6c44d47ab2729a4b4c4547	6	GameObject	Toggle	6400
1598d8cf46ccb5440a97d786b4f518e7	1	Texture2D	icon arrow back_black_press_02	9484
1598d8cf46ccb5440a97d786b4f518e7	2	Sprite	icon arrow back_black_press_02	9484
16641b4540c638d44b5ce4cb6ee7fdff	1	GameObject	Placeholder	7976
16641b4540c638d44b5ce4cb6ee7fdff	2	GameObject	InputTextForBirth	7976
16641b4540c638d44b5ce4cb6ee7fdff	3	GameObject	PostText	7976
16641b4540c638d44b5ce4cb6ee7fdff	4	GameObject	TopLine	7976
16641b4540c638d44b5ce4cb6ee7fdff	5	GameObject	BottomLine	7976
16641b4540c638d44b5ce4cb6ee7fdff	6	GameObject	LeftLine	7976
16641b4540c638d44b5ce4cb6ee7fdff	7	GameObject	RightLine	7976
16641b4540c638d44b5ce4cb6ee7fdff	8	GameObject	InputText	7976
16641b4540c638d44b5ce4cb6ee7fdff	9	GameObject	Text	7976
16641b4540c638d44b5ce4cb6ee7fdff	10	GameObject	InputField	7976
16cfcd5762ea424489d1c450680e6c77	1	TextAsset	values-fr	69536
1742e95fb697af245be31fd56752a47d	1	Texture2D	icon_default_17	6300
1742e95fb697af245be31fd56752a47d	2	Sprite	icon_default_17	6300
1758f16668b61fc49940a700d6698da5	1	Texture2D	indicator50	37176
1758f16668b61fc49940a700d6698da5	2	Sprite	indicator50	37176
18d3645ba54038a438d8dec27e6466cd	1	AnimationClip	UIAni_Notice_Open	9280
18ec0639ff069794caeff581cf8996c9	1	GameObject	Label_Locale	68396
18ec0639ff069794caeff581cf8996c9	2	GameObject	Label_SubTitle	68396
18ec0639ff069794caeff581cf8996c9	3	GameObject	Icon	68396
18ec0639ff069794caeff581cf8996c9	4	GameObject	Label	68396
18ec0639ff069794caeff581cf8996c9	5	GameObject	Type_06	68396
18ec0639ff069794caeff581cf8996c9	6	GameObject	Label_Title	68396
18ec0639ff069794caeff581cf8996c9	7	GameObject	Pt	68396
18ec0639ff069794caeff581cf8996c9	8	GameObject	BG (1)	68396
18ec0639ff069794caeff581cf8996c9	9	GameObject	Title_Bg	68396
18ec0639ff069794caeff581cf8996c9	10	GameObject	BG (1)	68396
18ec0639ff069794caeff581cf8996c9	11	GameObject	On	68396
18ec0639ff069794caeff581cf8996c9	12	GameObject	Label_Info	68396
18ec0639ff069794caeff581cf8996c9	13	GameObject	UIPopup_System	68396
18ec0639ff069794caeff581cf8996c9	14	GameObject	BlackBgClickArea	68396
18ec0639ff069794caeff581cf8996c9	15	GameObject	BG	68396
18ec0639ff069794caeff581cf8996c9	16	GameObject	Pt	68396
18ec0639ff069794caeff581cf8996c9	17	GameObject	Line	68396
18ec0639ff069794caeff581cf8996c9	18	GameObject	Btn_Ok	68396
18ec0639ff069794caeff581cf8996c9	19	GameObject	Deco	68396
18ec0639ff069794caeff581cf8996c9	20	GameObject	Pt (1)	68396
18ec0639ff069794caeff581cf8996c9	21	GameObject	Type_01	68396
18ec0639ff069794caeff581cf8996c9	22	GameObject	Label_Info	68396
18ec0639ff069794caeff581cf8996c9	23	GameObject	Btn_Ok	68396
18ec0639ff069794caeff581cf8996c9	24	GameObject	Bg	68396
18ec0639ff069794caeff581cf8996c9	25	GameObject	Pt (1)	68396
18ec0639ff069794caeff581cf8996c9	26	GameObject	Image	68396
18ec0639ff069794caeff581cf8996c9	27	GameObject	Center	68396
18ec0639ff069794caeff581cf8996c9	28	GameObject	BG (1)	68396
18ec0639ff069794caeff581cf8996c9	29	GameObject	Label	68396
18ec0639ff069794caeff581cf8996c9	30	GameObject	Bg	68396
18ec0639ff069794caeff581cf8996c9	31	GameObject	Pt	68396
18ec0639ff069794caeff581cf8996c9	32	GameObject	Label	68396
18ec0639ff069794caeff581cf8996c9	33	GameObject	Pt	68396
18ec0639ff069794caeff581cf8996c9	34	GameObject	Condition_04	68396
18ec0639ff069794caeff581cf8996c9	35	GameObject	Popup	68396
18ec0639ff069794caeff581cf8996c9	36	GameObject	Label_On	68396
18ec0639ff069794caeff581cf8996c9	37	GameObject	Base	68396
18ec0639ff069794caeff581cf8996c9	38	GameObject	Image	68396
18ec0639ff069794caeff581cf8996c9	39	GameObject	Mask	68396
18ec0639ff069794caeff581cf8996c9	40	GameObject	Condition_01	68396
18ec0639ff069794caeff581cf8996c9	41	GameObject	Open	68396
18ec0639ff069794caeff581cf8996c9	42	GameObject	Label_Info	68396
18ec0639ff069794caeff581cf8996c9	43	GameObject	BG (1)	68396
18ec0639ff069794caeff581cf8996c9	44	GameObject	Label_Info	68396
18ec0639ff069794caeff581cf8996c9	45	GameObject	Sprite	68396
18ec0639ff069794caeff581cf8996c9	46	GameObject	Grid	68396
18ec0639ff069794caeff581cf8996c9	47	GameObject	Texture	68396
18ec0639ff069794caeff581cf8996c9	48	GameObject	Label_Massage	68396
18ec0639ff069794caeff581cf8996c9	49	GameObject	Label_Massage	68396
18ec0639ff069794caeff581cf8996c9	50	GameObject	Sprite	68396
18ec0639ff069794caeff581cf8996c9	51	GameObject	Label	68396
18ec0639ff069794caeff581cf8996c9	52	GameObject	Label_Massage	68396
18ec0639ff069794caeff581cf8996c9	53	GameObject	Label_Info	68396
18ec0639ff069794caeff581cf8996c9	54	GameObject	Lock	68396
18ec0639ff069794caeff581cf8996c9	55	GameObject	Outline	68396
18ec0639ff069794caeff581cf8996c9	56	GameObject	Checkbox_1	68396
18ec0639ff069794caeff581cf8996c9	57	GameObject	Type_03	68396
18ec0639ff069794caeff581cf8996c9	58	GameObject	Lock	68396
18ec0639ff069794caeff581cf8996c9	59	GameObject	BlackBg	68396
18ec0639ff069794caeff581cf8996c9	60	GameObject	Label	68396
18ec0639ff069794caeff581cf8996c9	61	GameObject	Pt (1)	68396
18ec0639ff069794caeff581cf8996c9	62	GameObject	BG (1)	68396
18ec0639ff069794caeff581cf8996c9	63	GameObject	Label_Info	68396
18ec0639ff069794caeff581cf8996c9	64	GameObject	Condition_02	68396
18ec0639ff069794caeff581cf8996c9	65	GameObject	Btn_Cancel	68396
18ec0639ff069794caeff581cf8996c9	66	GameObject	BG (1)	68396
18ec0639ff069794caeff581cf8996c9	67	GameObject	Pt (1)	68396
18ec0639ff069794caeff581cf8996c9	68	GameObject	Btn_2_B	68396
18ec0639ff069794caeff581cf8996c9	69	GameObject	BG	68396
18ec0639ff069794caeff581cf8996c9	70	GameObject	Label	68396
18ec0639ff069794caeff581cf8996c9	71	GameObject	Label_Massage	68396
18ec0639ff069794caeff581cf8996c9	72	GameObject	BlackBgNoneClickArea	68396
18ec0639ff069794caeff581cf8996c9	73	GameObject	Pt (1)	68396
18ec0639ff069794caeff581cf8996c9	74	GameObject	Pt	68396
18ec0639ff069794caeff581cf8996c9	75	GameObject	Pt (1)	68396
18ec0639ff069794caeff581cf8996c9	76	GameObject	BG (1)	68396
18ec0639ff069794caeff581cf8996c9	77	GameObject	Label_Off	68396
18ec0639ff069794caeff581cf8996c9	78	GameObject	Open	68396
18ec0639ff069794caeff581cf8996c9	79	GameObject	Btn_2	68396
18ec0639ff069794caeff581cf8996c9	80	GameObject	Icon	68396
18ec0639ff069794caeff581cf8996c9	81	GameObject	Type_05	68396
18ec0639ff069794caeff581cf8996c9	82	GameObject	Type_02	68396
18ec0639ff069794caeff581cf8996c9	83	GameObject	Sprite	68396
18ec0639ff069794caeff581cf8996c9	84	GameObject	Deco (1)	68396
18ec0639ff069794caeff581cf8996c9	85	GameObject	Label	68396
18ec0639ff069794caeff581cf8996c9	86	GameObject	Label	68396
18ec0639ff069794caeff581cf8996c9	87	GameObject	Condition_03	68396
18ec0639ff069794caeff581cf8996c9	88	GameObject	BG	68396
18ec0639ff069794caeff581cf8996c9	89	GameObject	Check	68396
18ec0639ff069794caeff581cf8996c9	90	GameObject	BG	68396
18ec0639ff069794caeff581cf8996c9	91	GameObject	BG	68396
18ec0639ff069794caeff581cf8996c9	92	GameObject	Tutorial_01	68396
18ec0639ff069794caeff581cf8996c9	93	GameObject	Lock	68396
18ec0639ff069794caeff581cf8996c9	94	GameObject	01_Button	68396
18ec0639ff069794caeff581cf8996c9	95	GameObject	Label_Info	68396
18ec0639ff069794caeff581cf8996c9	96	GameObject	Btn_Notice	68396
18ec0639ff069794caeff581cf8996c9	97	GameObject	BlockEntry	68396
18ec0639ff069794caeff581cf8996c9	98	GameObject	Arrow	68396
18ec0639ff069794caeff581cf8996c9	99	GameObject	Image	68396
18ec0639ff069794caeff581cf8996c9	100	GameObject	Off	68396
18ec0639ff069794caeff581cf8996c9	101	GameObject	Pt	68396
18ec0639ff069794caeff581cf8996c9	102	GameObject	Pt (1)	68396
18ec0639ff069794caeff581cf8996c9	103	GameObject	Btn_Ok	68396
18ec0639ff069794caeff581cf8996c9	104	GameObject	Label_Info	68396
18ec0639ff069794caeff581cf8996c9	105	GameObject	Construction	68396
18ec0639ff069794caeff581cf8996c9	106	GameObject	Outline	68396
18ec0639ff069794caeff581cf8996c9	107	GameObject	Open	68396
18ec0639ff069794caeff581cf8996c9	108	GameObject	Pt (1)	68396
18ec0639ff069794caeff581cf8996c9	109	GameObject	Btn_Close	68396
18ec0639ff069794caeff581cf8996c9	110	GameObject	Type_04	68396
18ec0639ff069794caeff581cf8996c9	111	GameObject	Deley	68396
18ec0639ff069794caeff581cf8996c9	112	GameObject	Outline	68396
18ec0639ff069794caeff581cf8996c9	113	GameObject	Pt	68396
18ec0639ff069794caeff581cf8996c9	114	GameObject	Btn_1	68396
18ec0639ff069794caeff581cf8996c9	115	GameObject	Sprite	68396
18ec0639ff069794caeff581cf8996c9	116	GameObject	Btn_Cancel	68396
18ec0639ff069794caeff581cf8996c9	117	GameObject	Texture	68396
18ec0639ff069794caeff581cf8996c9	118	GameObject	Checkbox	68396
18ec0639ff069794caeff581cf8996c9	119	GameObject	Btn_2_Y	68396
18ec0639ff069794caeff581cf8996c9	120	GameObject	Widget	68396
18ec0639ff069794caeff581cf8996c9	121	GameObject	Icon	68396
18ec0639ff069794caeff581cf8996c9	122	GameObject	Btn_Disable	68396
18ec0639ff069794caeff581cf8996c9	123	GameObject	Image	68396
18ec0639ff069794caeff581cf8996c9	124	GameObject	Open	68396
18ec0639ff069794caeff581cf8996c9	125	GameObject	Btn_NoticeHide	68396
18ec0639ff069794caeff581cf8996c9	126	GameObject	Pt	68396
18ec0639ff069794caeff581cf8996c9	127	GameObject	Label_Massage	68396
18ec0639ff069794caeff581cf8996c9	128	GameObject	Icon	68396
18ec0639ff069794caeff581cf8996c9	129	GameObject	Lock	68396
18ec0639ff069794caeff581cf8996c9	130	GameObject	Texture (1)	68396
18ec0639ff069794caeff581cf8996c9	131	GameObject	BG (1)	68396
18ec0639ff069794caeff581cf8996c9	132	GameObject	TutorialNew	68396
197fccd3d03a84c4492408dc9ab43e88	1	GameObject	Image	7100
197fccd3d03a84c4492408dc9ab43e88	2	GameObject	Text	7100
197fccd3d03a84c4492408dc9ab43e88	3	GameObject	INPAY Wait Dialog	7100
197fccd3d03a84c4492408dc9ab43e88	4	GameObject	Text (1)	7100
197fccd3d03a84c4492408dc9ab43e88	5	GameObject	Cancel Button	7100
197fccd3d03a84c4492408dc9ab43e88	6	GameObject	Panel	7100
197fccd3d03a84c4492408dc9ab43e88	7	GameObject	Text	7100
199bbd4ffb2709c4abdc55497f9a03fb	1	GameObject	Btn_Download_Batch	25996
199bbd4ffb2709c4abdc55497f9a03fb	2	GameObject	DownloadScaleNum	25996
199bbd4ffb2709c4abdc55497f9a03fb	3	GameObject	Pt	25996
199bbd4ffb2709c4abdc55497f9a03fb	4	GameObject	Btn_Cancel	25996
199bbd4ffb2709c4abdc55497f9a03fb	5	GameObject	Btn_Ok	25996
199bbd4ffb2709c4abdc55497f9a03fb	6	GameObject	Off	25996
199bbd4ffb2709c4abdc55497f9a03fb	7	GameObject	Label_Off	25996
199bbd4ffb2709c4abdc55497f9a03fb	8	GameObject	Button	25996
199bbd4ffb2709c4abdc55497f9a03fb	9	GameObject	Button	25996
199bbd4ffb2709c4abdc55497f9a03fb	10	GameObject	DownloadScaleNum	25996
199bbd4ffb2709c4abdc55497f9a03fb	11	GameObject	On	25996
199bbd4ffb2709c4abdc55497f9a03fb	12	GameObject	Label_Locale	25996
199bbd4ffb2709c4abdc55497f9a03fb	13	GameObject	DownloadScaleNum	25996
199bbd4ffb2709c4abdc55497f9a03fb	14	GameObject	Label_On	25996
199bbd4ffb2709c4abdc55497f9a03fb	15	GameObject	BG	25996
199bbd4ffb2709c4abdc55497f9a03fb	16	GameObject	On	25996
199bbd4ffb2709c4abdc55497f9a03fb	17	GameObject	DownloadMenu	25996
199bbd4ffb2709c4abdc55497f9a03fb	18	GameObject	BG	25996
199bbd4ffb2709c4abdc55497f9a03fb	19	GameObject	Label_Off	25996
199bbd4ffb2709c4abdc55497f9a03fb	20	GameObject	Pt (1)	25996
199bbd4ffb2709c4abdc55497f9a03fb	21	GameObject	Label_Locale_NoticeWifi	25996
199bbd4ffb2709c4abdc55497f9a03fb	22	GameObject	Label_Notice	25996
199bbd4ffb2709c4abdc55497f9a03fb	23	GameObject	BlackBgNoneClickArea	25996
199bbd4ffb2709c4abdc55497f9a03fb	24	GameObject	Base	25996
199bbd4ffb2709c4abdc55497f9a03fb	25	GameObject	BlackBgClickArea	25996
199bbd4ffb2709c4abdc55497f9a03fb	26	GameObject	Label_Notice	25996
199bbd4ffb2709c4abdc55497f9a03fb	27	GameObject	Deco_Line	25996
199bbd4ffb2709c4abdc55497f9a03fb	28	GameObject	Center	25996
199bbd4ffb2709c4abdc55497f9a03fb	29	GameObject	BG	25996
199bbd4ffb2709c4abdc55497f9a03fb	30	GameObject	Texture (1)	25996
199bbd4ffb2709c4abdc55497f9a03fb	31	GameObject	BG_Line_01	25996
199bbd4ffb2709c4abdc55497f9a03fb	32	GameObject	Texture	25996
199bbd4ffb2709c4abdc55497f9a03fb	33	GameObject	Btn_Close	25996
199bbd4ffb2709c4abdc55497f9a03fb	34	GameObject	Label_Title	25996
199bbd4ffb2709c4abdc55497f9a03fb	35	GameObject	UIPopup_DownloadSetting	25996
199bbd4ffb2709c4abdc55497f9a03fb	36	GameObject	BG	25996
199bbd4ffb2709c4abdc55497f9a03fb	37	GameObject	BlackBg	25996
199bbd4ffb2709c4abdc55497f9a03fb	38	GameObject	Popup	25996
199bbd4ffb2709c4abdc55497f9a03fb	39	GameObject	Pt	25996
199bbd4ffb2709c4abdc55497f9a03fb	40	GameObject	Pt (1)	25996
199bbd4ffb2709c4abdc55497f9a03fb	41	GameObject	BG (1)	25996
199bbd4ffb2709c4abdc55497f9a03fb	42	GameObject	Label_On	25996
199bbd4ffb2709c4abdc55497f9a03fb	43	GameObject	BG_Line_02	25996
199bbd4ffb2709c4abdc55497f9a03fb	44	GameObject	Bottom	25996
199bbd4ffb2709c4abdc55497f9a03fb	45	GameObject	Label_Locale	25996
199bbd4ffb2709c4abdc55497f9a03fb	46	GameObject	Btn_Download_Split	25996
199bbd4ffb2709c4abdc55497f9a03fb	47	GameObject	BG	25996
199bbd4ffb2709c4abdc55497f9a03fb	48	GameObject	Off	25996
199bbd4ffb2709c4abdc55497f9a03fb	49	GameObject	DownloadScaleNum	25996
1a52c61ccf6297a4b8eaff5941a9ce8f	1	GameObject	Contents	10048
1a52c61ccf6297a4b8eaff5941a9ce8f	2	GameObject	ButtonGroup	10048
1a52c61ccf6297a4b8eaff5941a9ce8f	3	GameObject	ConfirmButton	10048
1a52c61ccf6297a4b8eaff5941a9ce8f	4	GameObject	Description	10048
1a52c61ccf6297a4b8eaff5941a9ce8f	5	GameObject	Overlay	10048
1a52c61ccf6297a4b8eaff5941a9ce8f	6	GameObject	BorderLine	10048
1a52c61ccf6297a4b8eaff5941a9ce8f	7	GameObject	NXPAccountSettings	10048
1a52c61ccf6297a4b8eaff5941a9ce8f	8	GameObject	Window	10048
1a52c61ccf6297a4b8eaff5941a9ce8f	9	GameObject	Main	10048
1a52c61ccf6297a4b8eaff5941a9ce8f	10	GameObject	Title	10048
1a52c61ccf6297a4b8eaff5941a9ce8f	11	GameObject	Icon	10048
1a52c61ccf6297a4b8eaff5941a9ce8f	12	GameObject	Header	10048
1a52c61ccf6297a4b8eaff5941a9ce8f	13	GameObject	ConfirmText	10048
1a52c61ccf6297a4b8eaff5941a9ce8f	14	GameObject	CloseButton	10048
1ad16f4cda13860429ae20ea2736b38a	1	Texture2D	icon arrow_press	5284
1ad16f4cda13860429ae20ea2736b38a	2	Sprite	icon arrow_press	5284
1b2e6942eb79e7e40bed94bb93b05bce	1	Texture2D	icon_crime_72	46368
1b2e6942eb79e7e40bed94bb93b05bce	2	Sprite	icon_crime_72	46368
1b849b6ad8bef9a43812ee38ec7ddbc2	1	Texture2D	indicator07	37152
1b849b6ad8bef9a43812ee38ec7ddbc2	2	Sprite	indicator07	37152
1bf1cc1fd359f924da7d2c2e520e2028	1	Texture2D	Tran_Shitim_Icon	224796
1c69bd0c9effa4246aed5c0a24fe64fe	1	AnimationClip	Pressed	17744
1c69bd0c9effa4246aed5c0a24fe64fe	2	AnimationClip	Highlighted	17744
1c69bd0c9effa4246aed5c0a24fe64fe	3	AnimationClip	Disabled	17744
1c69bd0c9effa4246aed5c0a24fe64fe	4	AnimationClip	Normal	17744
1c69bd0c9effa4246aed5c0a24fe64fe	5	AnimationClip	Selected	17744
1c87ab2ce8b8b304d98fbe9a734b1f74	1	GameObject	Arrow Closed	6648
1c87ab2ce8b8b304d98fbe9a734b1f74	2	GameObject	Content	6648
1c87ab2ce8b8b304d98fbe9a734b1f74	3	GameObject	Arrow Opened	6648
1c87ab2ce8b8b304d98fbe9a734b1f74	4	GameObject	Header	6648
1c87ab2ce8b8b304d98fbe9a734b1f74	5	GameObject	DebugUIFoldout	6648
1c87ab2ce8b8b304d98fbe9a734b1f74	6	GameObject	Text	6648
1d0d21e484dd34d4fa3d6d9833fae67b	1	GameObject	Select	6428
1d0d21e484dd34d4fa3d6d9833fae67b	2	GameObject	BG	6428
1d0d21e484dd34d4fa3d6d9833fae67b	3	GameObject	Line	6428
1d0d21e484dd34d4fa3d6d9833fae67b	4	GameObject	Label_Tab	6428
1d0d21e484dd34d4fa3d6d9833fae67b	5	GameObject	UINoticeTab	6428
1d27d7dc5a5a98f41aab34f08c822f5d	1	Texture2D	icon_default_27	6828
1d27d7dc5a5a98f41aab34f08c822f5d	2	Sprite	icon_default_27	6828
1df206139ad4ee545a5ff3087ba2e094	1	Texture2D	indicator41	37240
1df206139ad4ee545a5ff3087ba2e094	2	Sprite	indicator41	37240
1ea119ff48204f740ab82c6d4a1c060c	1	Texture2D	ControllerKeyImage	36992
1f9cc77cf17775543adb780c9277525e	1	Texture2D	indicator44	37216
1f9cc77cf17775543adb780c9277525e	2	Sprite	indicator44	37216
1fca8eac383c48b4d9d45ea3e568d4d5	1	Texture2D	indicator45	37224
1fca8eac383c48b4d9d45ea3e568d4d5	2	Sprite	indicator45	37224
200cd4686e2dc16499145519cc974d54	1	Texture2D	icon_hover_06	7060
200cd4686e2dc16499145519cc974d54	2	Sprite	icon_hover_06	7060
20996ab05c6b03c4fa85f5c849401b53	1	Texture2D	MultiFloorRaid_FloorBoss_00001_3	1777164
21ab6ec9bb6378643b86d760433d5b2d	1	Texture2D	InspectReferenceArrow	8940
21ab6ec9bb6378643b86d760433d5b2d	2	Sprite	InspectReferenceArrow	8940
21e156d7366fa0542b78e4052d373f70	1	Texture2D	Student_Portrait_Error	11972
2230257688571b04bbeb377b0150b73f	1	Texture2D	MultiFloorRaid_FloorList_00001_3	270236
226fa45bfeacf564c8e9bd8ebcbbf7ac	1	GameObject	Pt (1)	15484
226fa45bfeacf564c8e9bd8ebcbbf7ac	2	GameObject	BlackBgClickArea	15484
226fa45bfeacf564c8e9bd8ebcbbf7ac	3	GameObject	Texture_Bottom	15484
226fa45bfeacf564c8e9bd8ebcbbf7ac	4	GameObject	BlackBgNoneClickArea	15484
226fa45bfeacf564c8e9bd8ebcbbf7ac	5	GameObject	BG (1)	15484
226fa45bfeacf564c8e9bd8ebcbbf7ac	6	GameObject	Btn_Cancel	15484
226fa45bfeacf564c8e9bd8ebcbbf7ac	7	GameObject	Line	15484
226fa45bfeacf564c8e9bd8ebcbbf7ac	8	GameObject	BlackBg	15484
226fa45bfeacf564c8e9bd8ebcbbf7ac	9	GameObject	Label	15484
226fa45bfeacf564c8e9bd8ebcbbf7ac	10	GameObject	Pt	15484
226fa45bfeacf564c8e9bd8ebcbbf7ac	11	GameObject	Label_Title	15484
226fa45bfeacf564c8e9bd8ebcbbf7ac	12	GameObject	Center	15484
226fa45bfeacf564c8e9bd8ebcbbf7ac	13	GameObject	Label	15484
226fa45bfeacf564c8e9bd8ebcbbf7ac	14	GameObject	Pt	15484
226fa45bfeacf564c8e9bd8ebcbbf7ac	15	GameObject	Pt (1)	15484
226fa45bfeacf564c8e9bd8ebcbbf7ac	16	GameObject	BG	15484
226fa45bfeacf564c8e9bd8ebcbbf7ac	17	GameObject	Popup	15484
226fa45bfeacf564c8e9bd8ebcbbf7ac	18	GameObject	Label_Message	15484
226fa45bfeacf564c8e9bd8ebcbbf7ac	19	GameObject	Btn_Close	15484
226fa45bfeacf564c8e9bd8ebcbbf7ac	20	GameObject	UIPopup_DataClear	15484
226fa45bfeacf564c8e9bd8ebcbbf7ac	21	GameObject	Base	15484
226fa45bfeacf564c8e9bd8ebcbbf7ac	22	GameObject	Btn_Ok	15484
226fa45bfeacf564c8e9bd8ebcbbf7ac	23	GameObject	Texture_Top	15484
226fa45bfeacf564c8e9bd8ebcbbf7ac	24	GameObject	BG (1)	15484
228a15bc2060b12428cf3ef2e9fcea24	1	GameObject	Widget	14248
228a15bc2060b12428cf3ef2e9fcea24	2	GameObject	Label	14248
228a15bc2060b12428cf3ef2e9fcea24	3	GameObject	BG	14248
228a15bc2060b12428cf3ef2e9fcea24	4	GameObject	Label_UpdateMB	14248
228a15bc2060b12428cf3ef2e9fcea24	5	GameObject	TouchToStart	14248
228a15bc2060b12428cf3ef2e9fcea24	6	GameObject	Sprite	14248
228a15bc2060b12428cf3ef2e9fcea24	7	GameObject	UpdateProgress_Sub	14248
228a15bc2060b12428cf3ef2e9fcea24	8	GameObject	BG	14248
228a15bc2060b12428cf3ef2e9fcea24	9	GameObject	BG	14248
228a15bc2060b12428cf3ef2e9fcea24	10	GameObject	Sprite (2)	14248
228a15bc2060b12428cf3ef2e9fcea24	11	GameObject	UpdateProgress	14248
228a15bc2060b12428cf3ef2e9fcea24	12	GameObject	Fore	14248
228a15bc2060b12428cf3ef2e9fcea24	13	GameObject	Widget	14248
228a15bc2060b12428cf3ef2e9fcea24	14	GameObject	Label_UpdateFile	14248
228a15bc2060b12428cf3ef2e9fcea24	15	GameObject	Target	14248
228a15bc2060b12428cf3ef2e9fcea24	16	GameObject	Icon_Loading	14248
228a15bc2060b12428cf3ef2e9fcea24	17	GameObject	UIPatchDownload	14248
228a15bc2060b12428cf3ef2e9fcea24	18	GameObject	Start_Btn	14248
228a15bc2060b12428cf3ef2e9fcea24	19	GameObject	Fore	14248
228a15bc2060b12428cf3ef2e9fcea24	20	GameObject	Label_Update	14248
229ac20dd224b1f44b78bbf1898df792	1	GameObject	Title	16920
229ac20dd224b1f44b78bbf1898df792	2	GameObject	Default	16920
229ac20dd224b1f44b78bbf1898df792	3	GameObject	Text	16920
229ac20dd224b1f44b78bbf1898df792	4	GameObject	TermsItems	16920
229ac20dd224b1f44b78bbf1898df792	5	GameObject	ScrollbarVertical	16920
229ac20dd224b1f44b78bbf1898df792	6	GameObject	Overlay	16920
229ac20dd224b1f44b78bbf1898df792	7	GameObject	Text	16920
229ac20dd224b1f44b78bbf1898df792	8	GameObject	confirmButton	16920
229ac20dd224b1f44b78bbf1898df792	9	GameObject	Viewport	16920
229ac20dd224b1f44b78bbf1898df792	10	GameObject	Header	16920
229ac20dd224b1f44b78bbf1898df792	11	GameObject	Minor	16920
229ac20dd224b1f44b78bbf1898df792	12	GameObject	cancelButton	16920
229ac20dd224b1f44b78bbf1898df792	13	GameObject	NXPTermsView	16920
229ac20dd224b1f44b78bbf1898df792	14	GameObject	AgreeButtonText	16920
229ac20dd224b1f44b78bbf1898df792	15	GameObject	AllAgreeButton	16920
229ac20dd224b1f44b78bbf1898df792	16	GameObject	StartFooter	16920
229ac20dd224b1f44b78bbf1898df792	17	GameObject	Description	16920
229ac20dd224b1f44b78bbf1898df792	18	GameObject	CloseButton	16920
229ac20dd224b1f44b78bbf1898df792	19	GameObject	AllAgreeButtonText	16920
229ac20dd224b1f44b78bbf1898df792	20	GameObject	ConsentFooter	16920
229ac20dd224b1f44b78bbf1898df792	21	GameObject	Contents	16920
229ac20dd224b1f44b78bbf1898df792	22	GameObject	Sliding Area	16920
229ac20dd224b1f44b78bbf1898df792	23	GameObject	ScrollView	16920
229ac20dd224b1f44b78bbf1898df792	24	GameObject	TermsList	16920
229ac20dd224b1f44b78bbf1898df792	25	GameObject	Handle	16920
229ac20dd224b1f44b78bbf1898df792	26	GameObject	AgreeButton	16920
229ac20dd224b1f44b78bbf1898df792	27	GameObject	Window	16920
22e1abaa9fc913c41ad10715af135d68	1	TextAsset	values-vi	74236
23c05e7f1fd70bc4a8325a6d77f7b244	1	GameObject	FX_Touch	45996
23c05e7f1fd70bc4a8325a6d77f7b244	2	GameObject	Ring (3)	45996
23c05e7f1fd70bc4a8325a6d77f7b244	3	GameObject	Trail	45996
23c05e7f1fd70bc4a8325a6d77f7b244	4	GameObject	ring	45996
23c05e7f1fd70bc4a8325a6d77f7b244	5	GameObject	Ring (4)	45996
23c05e7f1fd70bc4a8325a6d77f7b244	6	GameObject	MeshTri	45996
24b79d746a3c93c4993f5f224fed1991	1	Material	ColorPickerAlphaMaterial	4680
25b96bb3bd30b0c44abcebb128db7352	1	Texture2D	ColorFieldTransparentBg	6644
25b96bb3bd30b0c44abcebb128db7352	2	Sprite	ColorFieldTransparentBg	6644
26c2afcf495a17b4f9ee5a6e257a5a5b	1	Texture2D	icon_default_29	10536
26c2afcf495a17b4f9ee5a6e257a5a5b	2	Sprite	icon_default_29	10536
275d1b4b1fc32a04290cdeb4a9b454e6	1	Texture2D	icon_checked_hover	5272
275d1b4b1fc32a04290cdeb4a9b454e6	2	Sprite	icon_checked_hover	5272
27f08b8f77486f74cb981d3373ab31bf	1	TextAsset	values-ja	76044
28433169db59f0945a9ff5f70dece604	1	Texture2D	indicator53	37136
28433169db59f0945a9ff5f70dece604	2	Sprite	indicator53	37136
2859c05b821b5624f9ccf29cbb716f30	1	Texture2D	MultiFloorRaid_FloorList_00003_3	270236
286cdcde6a7dc5b43a644c6bac6d2371	1	Texture2D	Popup_Img_Deco_2	33436
288608b39a914ec48932e0f0a2c09ec7	1	GameObject	AudioSources	6480
288608b39a914ec48932e0f0a2c09ec7	2	GameObject	Texture	6480
288608b39a914ec48932e0f0a2c09ec7	3	GameObject	BGTexture	6480
288608b39a914ec48932e0f0a2c09ec7	4	GameObject	UITitleVideoPlay	6480
28e3e6578b81902439c3113144a9c359	1	GameObject	BackButton	6216
28e3e6578b81902439c3113144a9c359	2	GameObject	Title	6216
28e3e6578b81902439c3113144a9c359	3	GameObject	NXPFundsSettlementCommonHeader	6216
28e3e6578b81902439c3113144a9c359	4	GameObject	CloseButton	6216
2922a6cbc383b2c459a02708af570ac8	1	Mesh	FX_Hexa_Tile_02	5856
2a07f67584ffce64f9cb49a8487bd455	1	Texture2D	indicator43	37224
2a07f67584ffce64f9cb49a8487bd455	2	Sprite	indicator43	37224
2a197470984aa7d4ebe98f974ac0f529	1	Texture2D	NEXON_CI	27224
2a197470984aa7d4ebe98f974ac0f529	2	Sprite	NEXON_CI	27224
2a591a45e104a72468514f209996bc77	1	TextAsset	values-zh-rCN	61476
2c357a63ddda3b34ca8ce8ad93298ce1	1	Texture2D	Campaign_OpenMenu_Line	70756
2c5a44da65c9af74daa803d56c857ebb	1	GameObject	LoadingImage	5704
2c5a44da65c9af74daa803d56c857ebb	2	GameObject	UILoading	5704
2c5a44da65c9af74daa803d56c857ebb	3	GameObject	BlackBG	5704
2d019437ff89b8d44949727731cd9357	1	GameObject	Arrow Closed	6640
2d019437ff89b8d44949727731cd9357	2	GameObject	Content	6640
2d019437ff89b8d44949727731cd9357	3	GameObject	Arrow Opened	6640
2d019437ff89b8d44949727731cd9357	4	GameObject	Header	6640
2d019437ff89b8d44949727731cd9357	5	GameObject	DebugUIRow	6640
2d019437ff89b8d44949727731cd9357	6	GameObject	Text	6640
2d49d21e294fe27458778d3e25d54510	1	Material	BorderLine_Reachable	4980
2dee75d6f9c5974428e2f45b4c4a809b	1	Texture2D	icon_default_20	6416
2dee75d6f9c5974428e2f45b4c4a809b	2	Sprite	icon_default_20	6416
2e1565a1227683a46815c60fba582980	1	GameObject	Title	10052
2e1565a1227683a46815c60fba582980	2	GameObject	NXPPlayNowAccountSettings	10052
2e1565a1227683a46815c60fba582980	3	GameObject	Header	10052
2e1565a1227683a46815c60fba582980	4	GameObject	ConfirmText	10052
2e1565a1227683a46815c60fba582980	5	GameObject	Description	10052
2e1565a1227683a46815c60fba582980	6	GameObject	ConfirmButton	10052
2e1565a1227683a46815c60fba582980	7	GameObject	CloseButton	10052
2e1565a1227683a46815c60fba582980	8	GameObject	Overlay	10052
2e1565a1227683a46815c60fba582980	9	GameObject	ButtonGroup	10052
2e1565a1227683a46815c60fba582980	10	GameObject	Contents	10052
2e1565a1227683a46815c60fba582980	11	GameObject	BorderLine	10052
2e1565a1227683a46815c60fba582980	12	GameObject	Icon	10052
2e1565a1227683a46815c60fba582980	13	GameObject	Main	10052
2e1565a1227683a46815c60fba582980	14	GameObject	Window	10052
2e448d197cb36044490b860a10c4d462	1	TextAsset	GameScaleCustomLocalizer	8156
2e498d1c8094910479dc3e1b768306a4	1	Material	LiberationSans SDF Material	7404
2e498d1c8094910479dc3e1b768306a4	2	Texture2D	LiberationSans SDF Atlas	7404
2e9e00d64f2e2184b8735af052bd53de	1	Texture2D	icon arrow up_white_press_03	9336
2e9e00d64f2e2184b8735af052bd53de	2	Sprite	icon arrow up_white_press_03	9336
2eaeea36969cd8d46bd698041957bb49	1	Texture2D	Title_Logo	121864
2ff3fae28dd09c448999a16e8fdb5574	1	GameObject	Grid	4820
2ff3fae28dd09c448999a16e8fdb5574	2	GameObject	default	4820
300fe0c02ada2ff45ad008ce1485e476	1	GameObject	Handle	7972
300fe0c02ada2ff45ad008ce1485e476	2	GameObject	NumberRangeField	7972
300fe0c02ada2ff45ad008ce1485e476	3	GameObject	Handle Slide Area	7972
300fe0c02ada2ff45ad008ce1485e476	4	GameObject	Slider	7972
300fe0c02ada2ff45ad008ce1485e476	5	GameObject	InputField	7972
300fe0c02ada2ff45ad008ce1485e476	6	GameObject	Text	7972
300fe0c02ada2ff45ad008ce1485e476	7	GameObject	VariableName	7972
300fe0c02ada2ff45ad008ce1485e476	8	GameObject	Background	7972
300fe0c02ada2ff45ad008ce1485e476	9	GameObject	VariableNameMask	7972
311d66ed14729994397feaada1c3edcc	1	Texture2D	indicator11	37168
311d66ed14729994397feaada1c3edcc	2	Sprite	indicator11	37168
31321ba15b8f8eb4c954353edc038b1d	1	Material	Lit	5764
31a304486b7feaa44889de92ce9953cd	1	Texture2D	terms_contents_view_btn_pressed	5628
326f7c58aed965d41bf7805a782d1e44	1	GameObject	Content	8600
326f7c58aed965d41bf7805a782d1e44	2	GameObject	Y	8600
326f7c58aed965d41bf7805a782d1e44	3	GameObject	Arrow Opened	8600
326f7c58aed965d41bf7805a782d1e44	4	GameObject	Float	8600
326f7c58aed965d41bf7805a782d1e44	5	GameObject	Text	8600
326f7c58aed965d41bf7805a782d1e44	6	GameObject	Text	8600
326f7c58aed965d41bf7805a782d1e44	7	GameObject	Arrow Closed	8600
326f7c58aed965d41bf7805a782d1e44	8	GameObject	Header	8600
326f7c58aed965d41bf7805a782d1e44	9	GameObject	Text	8600
326f7c58aed965d41bf7805a782d1e44	10	GameObject	DebugUIVector2	8600
326f7c58aed965d41bf7805a782d1e44	11	GameObject	X	8600
326f7c58aed965d41bf7805a782d1e44	12	GameObject	Float	8600
327e9466a37ac8648af7b6597e458812	1	Texture2D	indicator23	37364
327e9466a37ac8648af7b6597e458812	2	Sprite	indicator23	37364
32bf80bc34ea7d9448c697872f3240ef	1	GameObject	Glow	37716
32bf80bc34ea7d9448c697872f3240ef	2	GameObject	Text	37716
32bf80bc34ea7d9448c697872f3240ef	3	GameObject	Widget	37716
32bf80bc34ea7d9448c697872f3240ef	4	GameObject	Widget	37716
32bf80bc34ea7d9448c697872f3240ef	5	GameObject	01	37716
32bf80bc34ea7d9448c697872f3240ef	6	GameObject	Text	37716
32bf80bc34ea7d9448c697872f3240ef	7	GameObject	BG	37716
32bf80bc34ea7d9448c697872f3240ef	8	GameObject	CharBg	37716
32bf80bc34ea7d9448c697872f3240ef	9	GameObject	Widget	37716
32bf80bc34ea7d9448c697872f3240ef	10	GameObject	Social_Mission_Portrait	37716
32bf80bc34ea7d9448c697872f3240ef	11	GameObject	Widget	37716
32bf80bc34ea7d9448c697872f3240ef	12	GameObject	Widget	37716
32bf80bc34ea7d9448c697872f3240ef	13	GameObject	CharTex	37716
32bf80bc34ea7d9448c697872f3240ef	14	GameObject	BG	37716
32bf80bc34ea7d9448c697872f3240ef	15	GameObject	BG	37716
32bf80bc34ea7d9448c697872f3240ef	16	GameObject	Widget	37716
32bf80bc34ea7d9448c697872f3240ef	17	GameObject	pcNotice_Left	37716
32bf80bc34ea7d9448c697872f3240ef	18	GameObject	BG	37716
32bf80bc34ea7d9448c697872f3240ef	19	GameObject	Text	37716
32bf80bc34ea7d9448c697872f3240ef	20	GameObject	03	37716
32bf80bc34ea7d9448c697872f3240ef	21	GameObject	BG	37716
32bf80bc34ea7d9448c697872f3240ef	22	GameObject	Text	37716
32bf80bc34ea7d9448c697872f3240ef	23	GameObject	BG	37716
32bf80bc34ea7d9448c697872f3240ef	24	GameObject	Tactic_Right	37716
32bf80bc34ea7d9448c697872f3240ef	25	GameObject	Gauge	37716
32bf80bc34ea7d9448c697872f3240ef	26	GameObject	Text	37716
32bf80bc34ea7d9448c697872f3240ef	27	GameObject	BG	37716
32bf80bc34ea7d9448c697872f3240ef	28	GameObject	Text	37716
32bf80bc34ea7d9448c697872f3240ef	29	GameObject	Target	37716
32bf80bc34ea7d9448c697872f3240ef	30	GameObject	BG	37716
32bf80bc34ea7d9448c697872f3240ef	31	GameObject	02	37716
32bf80bc34ea7d9448c697872f3240ef	32	GameObject	Notice_Center	37716
32bf80bc34ea7d9448c697872f3240ef	33	GameObject	Value	37716
32bf80bc34ea7d9448c697872f3240ef	34	GameObject	Slider	37716
32bf80bc34ea7d9448c697872f3240ef	35	GameObject	Tactic_Left	37716
32bf80bc34ea7d9448c697872f3240ef	36	GameObject	Text	37716
32bf80bc34ea7d9448c697872f3240ef	37	GameObject	Widget	37716
32bf80bc34ea7d9448c697872f3240ef	38	GameObject	Text	37716
32bf80bc34ea7d9448c697872f3240ef	39	GameObject	Value	37716
32bf80bc34ea7d9448c697872f3240ef	40	GameObject	Widget	37716
32bf80bc34ea7d9448c697872f3240ef	41	GameObject	Social_Mission	37716
32bf80bc34ea7d9448c697872f3240ef	42	GameObject	Social_Center	37716
32bf80bc34ea7d9448c697872f3240ef	43	GameObject	UIToast	37716
32bf80bc34ea7d9448c697872f3240ef	44	GameObject	Slider	37716
32bf80bc34ea7d9448c697872f3240ef	45	GameObject	Text	37716
32bf80bc34ea7d9448c697872f3240ef	46	GameObject	Title	37716
32bf80bc34ea7d9448c697872f3240ef	47	GameObject	Glow	37716
32bf80bc34ea7d9448c697872f3240ef	48	GameObject	Tactic_Mission	37716
32bf80bc34ea7d9448c697872f3240ef	49	GameObject	BG	37716
32bf80bc34ea7d9448c697872f3240ef	50	GameObject	BG	37716
32bf80bc34ea7d9448c697872f3240ef	51	GameObject	BG	37716
32bf80bc34ea7d9448c697872f3240ef	52	GameObject	Gauge	37716
32bf80bc34ea7d9448c697872f3240ef	53	GameObject	Text	37716
32bf80bc34ea7d9448c697872f3240ef	54	GameObject	Widget	37716
32bf80bc34ea7d9448c697872f3240ef	55	GameObject	Bg	37716
32ea0a1ca55f9834bbf7c11227061c8f	1	Texture2D	FX_TEX_Circle_01	33804
32f793fee5375464ea7db8b46fbf7413	1	Texture2D	MultiFloorRaid_FloorBoss_00001_2	1777164
346699b3a20e46c438bf785d38aa3c6b	1	Texture2D	btn_account_apple	11336
346699b3a20e46c438bf785d38aa3c6b	2	Sprite	btn_account_apple	11336
353fb49788d0abc429c373fa653c723f	1	Texture2D	icon_default_22	6216
353fb49788d0abc429c373fa653c723f	2	Sprite	icon_default_22	6216
359b1a858a9ca50428dfa36ba5aaa886	1	Texture2D	indicator42	37216
359b1a858a9ca50428dfa36ba5aaa886	2	Sprite	indicator42	37216
367f99b2ce94f214bb715bacc1aeec00	1	Texture2D	indicator18	37216
367f99b2ce94f214bb715bacc1aeec00	2	Sprite	indicator18	37216
3813546f4955f0d4b8c6d57a140f3c7c	1	Texture2D	icon_hover_22	6216
3813546f4955f0d4b8c6d57a140f3c7c	2	Sprite	icon_hover_22	6216
381c485a14147c54497120f68dcd018c	1	Texture2D	icon_default_25	6656
381c485a14147c54497120f68dcd018c	2	Sprite	icon_default_25	6656
3873feadce1092d4a9af23d7c6a25631	1	Material	ControllerKeyImage	4388
38a07789c9e87004dad98c2909f58369	1	GameObject	Content	5568
38a07789c9e87004dad98c2909f58369	2	GameObject	Text	5568
38a07789c9e87004dad98c2909f58369	3	GameObject	Header	5568
38a07789c9e87004dad98c2909f58369	4	GameObject	DebugUIGroup	5568
3a6f610cc590a73429aa6653c41245c9	1	GameObject	Mostarers	21288
3a6f610cc590a73429aa6653c41245c9	2	GameObject	Plane	21288
3a6f610cc590a73429aa6653c41245c9	3	GameObject	Tiles	21288
3a6f610cc590a73429aa6653c41245c9	4	GameObject	DefaultMap	21288
3a6f610cc590a73429aa6653c41245c9	5	GameObject	Sea_Shadow_4	21288
3a6f610cc590a73429aa6653c41245c9	6	GameObject	Sea_Gra	21288
3a6f610cc590a73429aa6653c41245c9	7	GameObject	EventParent	21288
3a6f610cc590a73429aa6653c41245c9	8	GameObject	FX_MG_TBG_Sea_01	21288
3aefdf3c832f62844b173574a42a1edb	1	Material	Plane	4964
3ba88f0dd4eb6e4439039e454412fadb	1	AnimationClip	UIAni_Login_Nickname	10612
3bdc7a3b98b389d43b3c425270792739	1	Texture2D	icon_default_28	6176
3bdc7a3b98b389d43b3c425270792739	2	Sprite	icon_default_28	6176
3be999f579e047d4182dc86e3c1f3a3c	1	Texture2D	common_titlebar_back_normal_gray	7996
3be999f579e047d4182dc86e3c1f3a3c	2	Sprite	common_titlebar_back_normal_gray	7996
3c6266d4e54428c4c81ab0127cd7136a	1	Texture2D	icon_check_default	5096
3c6266d4e54428c4c81ab0127cd7136a	2	Sprite	icon_check_default	5096
3cbae421b4da67b4fbd91620ed958027	1	Texture2D	scroll_bar_light	5492
3cbae421b4da67b4fbd91620ed958027	2	Sprite	scroll_bar_light	5492
3df339a9f31341141918844112d7c59f	1	Texture2D	indicator31	37348
3df339a9f31341141918844112d7c59f	2	Sprite	indicator31	37348
3e492171281850f46b2a84e3f38827a5	1	Texture2D	indicator22	37216
3e492171281850f46b2a84e3f38827a5	2	Sprite	indicator22	37216
3f2a14caf5854364d93e22c1a524176f	1	TextAsset	values-th	101104
3f89586246ddaa744a60515e1ab9dd97	1	GameObject	nxp_simple_list_view_arrow_item	6112
3f89586246ddaa744a60515e1ab9dd97	2	GameObject	simple_listview_text	6112
3f89586246ddaa744a60515e1ab9dd97	3	GameObject	simple_listview_right_arrow_icon	6112
3f89586246ddaa744a60515e1ab9dd97	4	GameObject	linear_layout	6112
3f966c3731e924c4fb4c86270dc676b8	1	TextAsset	InbuildLocalize	15336
402ed202345701e489b37433e5bb2d37	1	Mesh	default	6348
4086fc19c9c7c204caddaf188ee13387	1	Texture2D	MultiFloorRaid_Minimap_00001	35784
40b1d995a5df6c647959ec20785ca7dc	1	Texture2D	indicator06	37136
40b1d995a5df6c647959ec20785ca7dc	2	Sprite	indicator06	37136
412232a98a56d684a9350a77ef21058d	1	Material	ColorWheelMaterial	4740
41ae24bed5f37a945955830e77b8c6aa	1	Texture2D	indicator10	37168
41ae24bed5f37a945955830e77b8c6aa	2	Sprite	indicator10	37168
41e36daf348996d4dbd0a10c9f95c369	1	Texture2D	icon_hover_16	6292
41e36daf348996d4dbd0a10c9f95c369	2	Sprite	icon_hover_16	6292
42aaa277c0ec5da49bc91c254509c77a	1	GameObject	ExpandToggle	6048
42aaa277c0ec5da49bc91c254509c77a	2	GameObject	Components	6048
42aaa277c0ec5da49bc91c254509c77a	3	GameObject	VariableName	6048
42aaa277c0ec5da49bc91c254509c77a	4	GameObject	GameObjectField	6048
42aaa277c0ec5da49bc91c254509c77a	5	GameObject	ExpandArrow	6048
42c8bd8d6af236e4abd86ab786515b27	1	Texture2D	icon_switch_h20_press	5892
42c8bd8d6af236e4abd86ab786515b27	2	Sprite	icon_switch_h20_press	5892
4342a7758001ed845b580e91bae63e1d	1	GameObject	nxp_closing_banner_view	8880
4342a7758001ed845b580e91bae63e1d	2	GameObject	closingBannerImageView	8880
4342a7758001ed845b580e91bae63e1d	3	GameObject	text	8880
4342a7758001ed845b580e91bae63e1d	4	GameObject	closingBannerExitButton	8880
4342a7758001ed845b580e91bae63e1d	5	GameObject	text	8880
4342a7758001ed845b580e91bae63e1d	6	GameObject	defaultImage	8880
4342a7758001ed845b580e91bae63e1d	7	GameObject	closingBannerCustomButton	8880
4342a7758001ed845b580e91bae63e1d	8	GameObject	background	8880
4342a7758001ed845b580e91bae63e1d	9	GameObject	bottomButtons	8880
4342a7758001ed845b580e91bae63e1d	10	GameObject	closeBtn	8880
4368965a92925534cb074867aa9a9a5a	1	GameObject	NXPUserConsentListView	10360
4368965a92925534cb074867aa9a9a5a	2	GameObject	BackButton	10360
4368965a92925534cb074867aa9a9a5a	3	GameObject	Contents	10360
4368965a92925534cb074867aa9a9a5a	4	GameObject	Separator	10360
4368965a92925534cb074867aa9a9a5a	5	GameObject	Viewport	10360
4368965a92925534cb074867aa9a9a5a	6	GameObject	Content	10360
4368965a92925534cb074867aa9a9a5a	7	GameObject	Overlay	10360
4368965a92925534cb074867aa9a9a5a	8	GameObject	Scroll View	10360
4368965a92925534cb074867aa9a9a5a	9	GameObject	Window	10360
4368965a92925534cb074867aa9a9a5a	10	GameObject	Handle	10360
4368965a92925534cb074867aa9a9a5a	11	GameObject	CloseButton	10360
4368965a92925534cb074867aa9a9a5a	12	GameObject	Title	10360
4368965a92925534cb074867aa9a9a5a	13	GameObject	Header	10360
4368965a92925534cb074867aa9a9a5a	14	GameObject	Sliding Area	10360
4368965a92925534cb074867aa9a9a5a	15	GameObject	Scrollbar Vertical	10360
43d28eb8fccefe646adf28da3dde938c	1	Texture2D	indicator47	37200
43d28eb8fccefe646adf28da3dde938c	2	Sprite	indicator47	37200
456dd6eace5e80f4cb7313d4e1b0b0f7	1	Texture2D	FX_TEX_Particle_01	20608
458718a61f7c9f64586cd609758a0096	1	Texture2D	Icon_Rating_Adult_tw	16704
45ac4396d8db67243a86cff18038a1a6	1	GameObject	VariableName	6316
45ac4396d8db67243a86cff18038a1a6	2	GameObject	VariableNameMask	6316
45ac4396d8db67243a86cff18038a1a6	3	GameObject	Text	6316
45ac4396d8db67243a86cff18038a1a6	4	GameObject	StringField	6316
45ac4396d8db67243a86cff18038a1a6	5	GameObject	InputField	6316
46169267a76c51647bd18ce015e29e50	1	GameObject	Text	10992
46169267a76c51647bd18ce015e29e50	2	GameObject	Text	10992
46169267a76c51647bd18ce015e29e50	3	GameObject	NexonPW InputField	10992
46169267a76c51647bd18ce015e29e50	4	GameObject	NEXON LoginButton	10992
46169267a76c51647bd18ce015e29e50	5	GameObject	Text	10992
46169267a76c51647bd18ce015e29e50	6	GameObject	Placeholder	10992
46169267a76c51647bd18ce015e29e50	7	GameObject	Placeholder	10992
46169267a76c51647bd18ce015e29e50	8	GameObject	Text	10992
46169267a76c51647bd18ce015e29e50	9	GameObject	Nexon CI	10992
46169267a76c51647bd18ce015e29e50	10	GameObject	Close Image	10992
46169267a76c51647bd18ce015e29e50	11	GameObject	Close Button	10992
46169267a76c51647bd18ce015e29e50	12	GameObject	NexonID InputField	10992
46169267a76c51647bd18ce015e29e50	13	GameObject	ErrorText	10992
46169267a76c51647bd18ce015e29e50	14	GameObject	Image	10992
46169267a76c51647bd18ce015e29e50	15	GameObject	NEXON ID Login Canvas	10992
466b7696bc6e84f4597f8b3076ee56c5	1	Texture2D	Image_Normal_Empty	173968
4729b7d4b659bd94fb9173bbba0205a3	1	GameObject	AgreeCheckBox	7020
4729b7d4b659bd94fb9173bbba0205a3	2	GameObject	NXPGDPRTermsItem	7020
4729b7d4b659bd94fb9173bbba0205a3	3	GameObject	TermsTitle	7020
4729b7d4b659bd94fb9173bbba0205a3	4	GameObject	TermsTitleString	7020
4729b7d4b659bd94fb9173bbba0205a3	5	GameObject	TermsTitleButtonGroup	7020
4750bcaca8ff1e3408ba704e832c9957	1	Texture2D	terms_contents_view_btn_normal	5628
4782e2b7d7aeaf748b17c88cf48b0bfd	1	Texture2D	icon_default_12	6276
4782e2b7d7aeaf748b17c88cf48b0bfd	2	Sprite	icon_default_12	6276
482901f532b2a9d49817f79e25aaa471	1	Texture2D	icon arrow	5272
482901f532b2a9d49817f79e25aaa471	2	Sprite	icon arrow	5272
4891dbae783aab441a43e2f9cc662387	1	Texture2D	icon_default_06	7060
4891dbae783aab441a43e2f9cc662387	2	Sprite	icon_default_06	7060
48dd1fd7432581243bcd8eb02cfd17b6	1	AnimationClip	UIAni_Button_Scale_In	6676
4962782bffe69ae4c9ea8ca0247ae49d	1	Texture2D	AccountSettings_Timer	6020
4962782bffe69ae4c9ea8ca0247ae49d	2	Sprite	AccountSettings_Timer	6020
498dd7f3ca9b48d498eef9066e4857b9	1	Texture2D	Image_Conquest_Leader	7028
49c7b18120a8bc045be22b491b0db99a	1	Texture2D	common_bullet	4740
49c7b18120a8bc045be22b491b0db99a	2	Sprite	common_bullet	4740
4a578eb765b2fb44a84d0e9410989e07	1	GameObject	Image	7700
4a578eb765b2fb44a84d0e9410989e07	2	GameObject	Text	7700
4a578eb765b2fb44a84d0e9410989e07	3	GameObject	AccountWaitDialog	7700
4a578eb765b2fb44a84d0e9410989e07	4	GameObject	AdditionalText	7700
4a578eb765b2fb44a84d0e9410989e07	5	GameObject	Text (1)	7700
4a578eb765b2fb44a84d0e9410989e07	6	GameObject	Cancel Button	7700
4a578eb765b2fb44a84d0e9410989e07	7	GameObject	Panel	7700
4a578eb765b2fb44a84d0e9410989e07	8	GameObject	Text	7700
4a98b4469e275504bbda83427951113b	1	Texture2D	icon_check_press	5092
4a98b4469e275504bbda83427951113b	2	Sprite	icon_check_press	5092
4ab5e3bb3734a1a4c95210897ef21d5d	1	Texture2D	icon_default_31	6308
4ab5e3bb3734a1a4c95210897ef21d5d	2	Sprite	icon_default_31	6308
4b39cb25d001b574eb023e99c70dcf7d	1	Texture2D	indicator37	37356
4b39cb25d001b574eb023e99c70dcf7d	2	Sprite	indicator37	37356
4b791fc7f072ac249944c8449e3c6e89	1	AnimationClip	UIAni_Callname	7524
4c16897d5cb643f45a87cf177a290ff1	1	Texture2D	RoadPuzzle_846_Tile_02	69764
4c6815324ce7d6f479f945f5effd3e37	1	Texture2D	btn_account_naver	11172
4c6815324ce7d6f479f945f5effd3e37	2	Sprite	btn_account_naver	11172
4c84687434588b64192d7264d8c0339d	1	GameObject	NXPGDPRTermsItemLink	5312
4c84687434588b64192d7264d8c0339d	2	GameObject	Text	5312
4ce2120d7e1bbf641bf4068a2b0a3b50	1	GameObject	CurveLineRenderer	5976
4ce2120d7e1bbf641bf4068a2b0a3b50	2	GameObject	BorderLine_Reachable	5976
4d69a4384971cea4a801c8c7d054704f	1	GameObject	Footer_Copyrights	18872
4d69a4384971cea4a801c8c7d054704f	2	GameObject	Instruction_Desc	18872
4d69a4384971cea4a801c8c7d054704f	3	GameObject	icon	18872
4d69a4384971cea4a801c8c7d054704f	4	GameObject	separator	18872
4d69a4384971cea4a801c8c7d054704f	5	GameObject	NXPAccountLinkPrimaryPickerView	18872
4d69a4384971cea4a801c8c7d054704f	6	GameObject	content	18872
4d69a4384971cea4a801c8c7d054704f	7	GameObject	Header	18872
4d69a4384971cea4a801c8c7d054704f	8	GameObject	GameData (2)	18872
4d69a4384971cea4a801c8c7d054704f	9	GameObject	top	18872
4d69a4384971cea4a801c8c7d054704f	10	GameObject	Close	18872
4d69a4384971cea4a801c8c7d054704f	11	GameObject	NXPAccountLinkPickerItem (Primary)	18872
4d69a4384971cea4a801c8c7d054704f	12	GameObject	key	18872
4d69a4384971cea4a801c8c7d054704f	13	GameObject	IGNORED_shadow	18872
4d69a4384971cea4a801c8c7d054704f	14	GameObject	value	18872
4d69a4384971cea4a801c8c7d054704f	15	GameObject	Footer	18872
4d69a4384971cea4a801c8c7d054704f	16	GameObject	icon	18872
4d69a4384971cea4a801c8c7d054704f	17	GameObject	GameData (1)	18872
4d69a4384971cea4a801c8c7d054704f	18	GameObject	IGNORED_border	18872
4d69a4384971cea4a801c8c7d054704f	19	GameObject	Overlay	18872
4d69a4384971cea4a801c8c7d054704f	20	GameObject	Frame_Main	18872
4d69a4384971cea4a801c8c7d054704f	21	GameObject	Contents	18872
4d69a4384971cea4a801c8c7d054704f	22	GameObject	value	18872
4d69a4384971cea4a801c8c7d054704f	23	GameObject	GameData (3)	18872
4d69a4384971cea4a801c8c7d054704f	24	GameObject	Instruction_Main	18872
4d69a4384971cea4a801c8c7d054704f	25	GameObject	text	18872
4d69a4384971cea4a801c8c7d054704f	26	GameObject	key	18872
4d69a4384971cea4a801c8c7d054704f	27	GameObject	key	18872
4d69a4384971cea4a801c8c7d054704f	28	GameObject	GameData (0)	18872
4d69a4384971cea4a801c8c7d054704f	29	GameObject	Frame_Instruction	18872
4d69a4384971cea4a801c8c7d054704f	30	GameObject	value	18872
4d69a4384971cea4a801c8c7d054704f	31	GameObject	value	18872
4d69a4384971cea4a801c8c7d054704f	32	GameObject	GameDataLayout	18872
4d69a4384971cea4a801c8c7d054704f	33	GameObject	key	18872
4d69a4384971cea4a801c8c7d054704f	34	GameObject	Window	18872
4d69a4384971cea4a801c8c7d054704f	35	GameObject	seperator (1)	18872
4d69a4384971cea4a801c8c7d054704f	36	GameObject	IGNORED_background	18872
4d8c6c9fba0e46f489b21fd7d92d739d	1	GameObject	Text	12676
4d8c6c9fba0e46f489b21fd7d92d739d	2	GameObject	DeselectAllButton	12676
4d8c6c9fba0e46f489b21fd7d92d739d	3	GameObject	InputField	12676
4d8c6c9fba0e46f489b21fd7d92d739d	4	GameObject	SearchIcon	12676
4d8c6c9fba0e46f489b21fd7d92d739d	5	GameObject	DragDropTargetVisualization	12676
4d8c6c9fba0e46f489b21fd7d92d739d	6	GameObject	Handle	12676
4d8c6c9fba0e46f489b21fd7d92d739d	7	GameObject	RuntimeHierarchy	12676
4d8c6c9fba0e46f489b21fd7d92d739d	8	GameObject	Scrollbar Vertical	12676
4d8c6c9fba0e46f489b21fd7d92d739d	9	GameObject	Sliding Area	12676
4d8c6c9fba0e46f489b21fd7d92d739d	10	GameObject	Handle	12676
4d8c6c9fba0e46f489b21fd7d92d739d	11	GameObject	Sliding Area	12676
4d8c6c9fba0e46f489b21fd7d92d739d	12	GameObject	Text	12676
4d8c6c9fba0e46f489b21fd7d92d739d	13	GameObject	Placeholder	12676
4d8c6c9fba0e46f489b21fd7d92d739d	14	GameObject	Searchbar	12676
4d8c6c9fba0e46f489b21fd7d92d739d	15	GameObject	Viewport	12676
4d8c6c9fba0e46f489b21fd7d92d739d	16	GameObject	Content	12676
4d8c6c9fba0e46f489b21fd7d92d739d	17	GameObject	ScrollView	12676
4d8c6c9fba0e46f489b21fd7d92d739d	18	GameObject	Scrollbar Horizontal	12676
4d8c6c9fba0e46f489b21fd7d92d739d	19	GameObject	SelectedSearchItemPath	12676
4d8c6c9fba0e46f489b21fd7d92d739d	20	GameObject	Label	12676
4ddb837aa406bce4fa6799fbc1bf9bbe	1	AnimationClip	UIAni_Button_Scale_Out	6676
4dea5d807d151914f9f3f13efd9f5e6c	1	Texture2D	icon arrow	4840
4dea5d807d151914f9f3f13efd9f5e6c	2	Sprite	icon arrow	4840
4dee57a200f429d41afd7ef0d03211be	1	GameObject	ShowInspectorButton	29440
4dee57a200f429d41afd7ef0d03211be	2	GameObject	WindowGroup	29440
4dee57a200f429d41afd7ef0d03211be	3	GameObject	Text	29440
4dee57a200f429d41afd7ef0d03211be	4	GameObject	ShowWindowButton	29440
4dee57a200f429d41afd7ef0d03211be	5	GameObject	EventSystem	29440
4dee57a200f429d41afd7ef0d03211be	6	GameObject	Block_TopMenu	29440
4dee57a200f429d41afd7ef0d03211be	7	GameObject	CloseButton	29440
4dee57a200f429d41afd7ef0d03211be	8	GameObject	NGUITouchOnButton	29440
4dee57a200f429d41afd7ef0d03211be	9	GameObject	NGUITouchOffButton	29440
4dee57a200f429d41afd7ef0d03211be	10	GameObject	Text	29440
4dee57a200f429d41afd7ef0d03211be	11	GameObject	HideWindowButton	29440
4dee57a200f429d41afd7ef0d03211be	12	GameObject	RuntimeHierarchyCanvas	29440
4dee57a200f429d41afd7ef0d03211be	13	GameObject	Sliding Area	29440
4dee57a200f429d41afd7ef0d03211be	14	GameObject	Handle	29440
4dee57a200f429d41afd7ef0d03211be	15	GameObject	Sliding Area	29440
4dee57a200f429d41afd7ef0d03211be	16	GameObject	Placeholder	29440
4dee57a200f429d41afd7ef0d03211be	17	GameObject	Searchbar	29440
4dee57a200f429d41afd7ef0d03211be	18	GameObject	Text	29440
4dee57a200f429d41afd7ef0d03211be	19	GameObject	DragDropTargetVisualization	29440
4dee57a200f429d41afd7ef0d03211be	20	GameObject	SearchIcon	29440
4dee57a200f429d41afd7ef0d03211be	21	GameObject	Scrollbar Vertical	29440
4dee57a200f429d41afd7ef0d03211be	22	GameObject	Handle	29440
4dee57a200f429d41afd7ef0d03211be	23	GameObject	RuntimeHierarchy	29440
4dee57a200f429d41afd7ef0d03211be	24	GameObject	SelectedSearchItemPath	29440
4dee57a200f429d41afd7ef0d03211be	25	GameObject	Label	29440
4dee57a200f429d41afd7ef0d03211be	26	GameObject	ScrollView	29440
4dee57a200f429d41afd7ef0d03211be	27	GameObject	Scrollbar Horizontal	29440
4dee57a200f429d41afd7ef0d03211be	28	GameObject	Content	29440
4dee57a200f429d41afd7ef0d03211be	29	GameObject	Viewport	29440
4dee57a200f429d41afd7ef0d03211be	30	GameObject	InputField	29440
4dee57a200f429d41afd7ef0d03211be	31	GameObject	DeselectAllButton	29440
4dee57a200f429d41afd7ef0d03211be	32	GameObject	Text	29440
4dee57a200f429d41afd7ef0d03211be	33	GameObject	Viewport	29440
4dee57a200f429d41afd7ef0d03211be	34	GameObject	Content	29440
4dee57a200f429d41afd7ef0d03211be	35	GameObject	ScrollView	29440
4dee57a200f429d41afd7ef0d03211be	36	GameObject	Scrollbar Vertical	29440
4dee57a200f429d41afd7ef0d03211be	37	GameObject	RuntimeInspector	29440
4dee57a200f429d41afd7ef0d03211be	38	GameObject	Handle	29440
4dee57a200f429d41afd7ef0d03211be	39	GameObject	Sliding Area	29440
4dee57a200f429d41afd7ef0d03211be	40	GameObject	Text	29440
4dee57a200f429d41afd7ef0d03211be	41	GameObject	UIRuntimeHierarchyRoot	29440
4dee57a200f429d41afd7ef0d03211be	42	GameObject	Text	29440
4dee57a200f429d41afd7ef0d03211be	43	GameObject	Text	29440
4dee57a200f429d41afd7ef0d03211be	44	GameObject	Block_Window	29440
4dee57a200f429d41afd7ef0d03211be	45	GameObject	Text	29440
4dee57a200f429d41afd7ef0d03211be	46	GameObject	Text	29440
4dee57a200f429d41afd7ef0d03211be	47	GameObject	TopMenu	29440
4dee57a200f429d41afd7ef0d03211be	48	GameObject	GameSpeedInputField	29440
4dee57a200f429d41afd7ef0d03211be	49	GameObject	GameStopButton	29440
4dee57a200f429d41afd7ef0d03211be	50	GameObject	Text	29440
4dee57a200f429d41afd7ef0d03211be	51	GameObject	Placeholder	29440
4df006960dc6ef8479136ef748a5e85e	1	Texture2D	icon_hover_29	10536
4df006960dc6ef8479136ef748a5e85e	2	Sprite	icon_hover_29	10536
4e4cb79a7dea9bc4c8dad8124df697b4	1	TextAsset	values-ko	72128
4e8562951ff22504c9c42ff9c91b1b9e	1	Texture2D	indicator12	37184
4e8562951ff22504c9c42ff9c91b1b9e	2	Sprite	indicator12	37184
4f0af0d7523a2a845be60053d2ecae68	1	Texture2D	Checkmark	5608
4f1f9623f95d02a44bb747f81b08bbff	1	Texture2D	icon_hover_11	6300
4f1f9623f95d02a44bb747f81b08bbff	2	Sprite	icon_hover_11	6300
4f38d88bc6db7a94fa0ba126507d302a	1	Texture2D	Worldraid	472072
4fe9cdb74ae06b941a8f5254e600b6e5	1	GameObject	Icon (1)	43716
4fe9cdb74ae06b941a8f5254e600b6e5	2	GameObject	Mask_Type2	43716
4fe9cdb74ae06b941a8f5254e600b6e5	3	GameObject	Label_Locale_Cost	43716
4fe9cdb74ae06b941a8f5254e600b6e5	4	GameObject	Icon	43716
4fe9cdb74ae06b941a8f5254e600b6e5	5	GameObject	Label_Locale	43716
4fe9cdb74ae06b941a8f5254e600b6e5	6	GameObject	Icon	43716
4fe9cdb74ae06b941a8f5254e600b6e5	7	GameObject	StartUI_Disable	43716
4fe9cdb74ae06b941a8f5254e600b6e5	8	GameObject	FormationInfo	43716
4fe9cdb74ae06b941a8f5254e600b6e5	9	GameObject	HexaUI	43716
4fe9cdb74ae06b941a8f5254e600b6e5	10	GameObject	TextBG	43716
4fe9cdb74ae06b941a8f5254e600b6e5	11	GameObject	Label_Locale_Cost	43716
4fe9cdb74ae06b941a8f5254e600b6e5	12	GameObject	Sprite	43716
4fe9cdb74ae06b941a8f5254e600b6e5	13	GameObject	Cost_Ani	43716
4fe9cdb74ae06b941a8f5254e600b6e5	14	GameObject	Rank	43716
4fe9cdb74ae06b941a8f5254e600b6e5	15	GameObject	TextBG	43716
4fe9cdb74ae06b941a8f5254e600b6e5	16	GameObject	Icon_01	43716
4fe9cdb74ae06b941a8f5254e600b6e5	17	GameObject	SkipResult	43716
4fe9cdb74ae06b941a8f5254e600b6e5	18	GameObject	Icon (1)	43716
4fe9cdb74ae06b941a8f5254e600b6e5	19	GameObject	Label_Locale	43716
4fe9cdb74ae06b941a8f5254e600b6e5	20	GameObject	Boss	43716
4fe9cdb74ae06b941a8f5254e600b6e5	21	GameObject	Bg	43716
4fe9cdb74ae06b941a8f5254e600b6e5	22	GameObject	Select	43716
4fe9cdb74ae06b941a8f5254e600b6e5	23	GameObject	Label_Rank	43716
4fe9cdb74ae06b941a8f5254e600b6e5	24	GameObject	Icon	43716
4fe9cdb74ae06b941a8f5254e600b6e5	25	GameObject	Bg	43716
4fe9cdb74ae06b941a8f5254e600b6e5	26	GameObject	Label_Locale	43716
4fe9cdb74ae06b941a8f5254e600b6e5	27	GameObject	Line	43716
4fe9cdb74ae06b941a8f5254e600b6e5	28	GameObject	Victory_Font	43716
4fe9cdb74ae06b941a8f5254e600b6e5	29	GameObject	PositionChange	43716
4fe9cdb74ae06b941a8f5254e600b6e5	30	GameObject	Icon	43716
4fe9cdb74ae06b941a8f5254e600b6e5	31	GameObject	Label_Locale	43716
4fe9cdb74ae06b941a8f5254e600b6e5	32	GameObject	Line	43716
4fe9cdb74ae06b941a8f5254e600b6e5	33	GameObject	Start_Mark	43716
4fe9cdb74ae06b941a8f5254e600b6e5	34	GameObject	TextBG	43716
4fe9cdb74ae06b941a8f5254e600b6e5	35	GameObject	Icon	43716
4fe9cdb74ae06b941a8f5254e600b6e5	36	GameObject	Mask_Type_Scenario	43716
4fe9cdb74ae06b941a8f5254e600b6e5	37	GameObject	ChangeUnit	43716
4fe9cdb74ae06b941a8f5254e600b6e5	38	GameObject	Label_CostNum	43716
4fe9cdb74ae06b941a8f5254e600b6e5	39	GameObject	Icon	43716
4fe9cdb74ae06b941a8f5254e600b6e5	40	GameObject	NoSkip	43716
4fe9cdb74ae06b941a8f5254e600b6e5	41	GameObject	BG	43716
4fe9cdb74ae06b941a8f5254e600b6e5	42	GameObject	Defeat_Font	43716
4fe9cdb74ae06b941a8f5254e600b6e5	43	GameObject	TextBG	43716
4fe9cdb74ae06b941a8f5254e600b6e5	44	GameObject	Icon	43716
4fe9cdb74ae06b941a8f5254e600b6e5	45	GameObject	BG	43716
4fe9cdb74ae06b941a8f5254e600b6e5	46	GameObject	Sprite	43716
4fe9cdb74ae06b941a8f5254e600b6e5	47	GameObject	TextBG (1)	43716
4fe9cdb74ae06b941a8f5254e600b6e5	48	GameObject	Icon	43716
4fe9cdb74ae06b941a8f5254e600b6e5	49	GameObject	SelectIcon	43716
4fe9cdb74ae06b941a8f5254e600b6e5	50	GameObject	Label_Locale	43716
4fe9cdb74ae06b941a8f5254e600b6e5	51	GameObject	Withdraw	43716
4fe9cdb74ae06b941a8f5254e600b6e5	52	GameObject	Label_Locale	43716
4fe9cdb74ae06b941a8f5254e600b6e5	53	GameObject	Label_Locale	43716
4fe9cdb74ae06b941a8f5254e600b6e5	54	GameObject	Line	43716
4fe9cdb74ae06b941a8f5254e600b6e5	55	GameObject	Mask	43716
4fe9cdb74ae06b941a8f5254e600b6e5	56	GameObject	Cost	43716
4fe9cdb74ae06b941a8f5254e600b6e5	57	GameObject	Icon	43716
4fe9cdb74ae06b941a8f5254e600b6e5	58	GameObject	SelectUI	43716
4fe9cdb74ae06b941a8f5254e600b6e5	59	GameObject	Defeat	43716
4fe9cdb74ae06b941a8f5254e600b6e5	60	GameObject	Icon	43716
4fe9cdb74ae06b941a8f5254e600b6e5	61	GameObject	BG	43716
4fe9cdb74ae06b941a8f5254e600b6e5	62	GameObject	Label_Rank	43716
4fe9cdb74ae06b941a8f5254e600b6e5	63	GameObject	Rank	43716
4fe9cdb74ae06b941a8f5254e600b6e5	64	GameObject	Label_Locale	43716
4fe9cdb74ae06b941a8f5254e600b6e5	65	GameObject	Icon_04	43716
4fe9cdb74ae06b941a8f5254e600b6e5	66	GameObject	Label_Locale	43716
4fe9cdb74ae06b941a8f5254e600b6e5	67	GameObject	BG	43716
4fe9cdb74ae06b941a8f5254e600b6e5	68	GameObject	TextBG (1)	43716
4fe9cdb74ae06b941a8f5254e600b6e5	69	GameObject	StartUI	43716
4fe9cdb74ae06b941a8f5254e600b6e5	70	GameObject	Using	43716
4fe9cdb74ae06b941a8f5254e600b6e5	71	GameObject	Icon_03	43716
4fe9cdb74ae06b941a8f5254e600b6e5	72	GameObject	Sprite	43716
4fe9cdb74ae06b941a8f5254e600b6e5	73	GameObject	Edit	43716
4fe9cdb74ae06b941a8f5254e600b6e5	74	GameObject	Victory	43716
4fe9cdb74ae06b941a8f5254e600b6e5	75	GameObject	Icon_02	43716
4fe9cdb74ae06b941a8f5254e600b6e5	76	GameObject	Grid	43716
4fe9cdb74ae06b941a8f5254e600b6e5	77	GameObject	Sprite	43716
4fe9cdb74ae06b941a8f5254e600b6e5	78	GameObject	Skip	43716
50322557428f9674f964cefc87d7ba7e	1	GameObject	DeleteButtonText	16040
50322557428f9674f964cefc87d7ba7e	2	GameObject	Handle	16040
50322557428f9674f964cefc87d7ba7e	3	GameObject	Window	16040
50322557428f9674f964cefc87d7ba7e	4	GameObject	Scrollbar Vertical	16040
50322557428f9674f964cefc87d7ba7e	5	GameObject	Contents	16040
50322557428f9674f964cefc87d7ba7e	6	GameObject	VerticalSeparator2	16040
50322557428f9674f964cefc87d7ba7e	7	GameObject	PlayGameItems	16040
50322557428f9674f964cefc87d7ba7e	8	GameObject	Warning	16040
50322557428f9674f964cefc87d7ba7e	9	GameObject	PlayingGameList	16040
50322557428f9674f964cefc87d7ba7e	10	GameObject	NXPNexonUnregisterAlertView	16040
50322557428f9674f964cefc87d7ba7e	11	GameObject	Description	16040
50322557428f9674f964cefc87d7ba7e	12	GameObject	VerticalSeparator1	16040
50322557428f9674f964cefc87d7ba7e	13	GameObject	Viewport	16040
50322557428f9674f964cefc87d7ba7e	14	GameObject	Header	16040
50322557428f9674f964cefc87d7ba7e	15	GameObject	Overlay	16040
50322557428f9674f964cefc87d7ba7e	16	GameObject	PlayingGameTitle	16040
50322557428f9674f964cefc87d7ba7e	17	GameObject	ScrollView	16040
50322557428f9674f964cefc87d7ba7e	18	GameObject	DeleteButton	16040
50322557428f9674f964cefc87d7ba7e	19	GameObject	Sliding Area	16040
50322557428f9674f964cefc87d7ba7e	20	GameObject	Title	16040
50322557428f9674f964cefc87d7ba7e	21	GameObject	CancelButtonText	16040
50322557428f9674f964cefc87d7ba7e	22	GameObject	CancelButton	16040
50322557428f9674f964cefc87d7ba7e	23	GameObject	ButtonGroup	16040
50322557428f9674f964cefc87d7ba7e	24	GameObject	Footer	16040
50322557428f9674f964cefc87d7ba7e	25	GameObject	CloseButton	16040
50322557428f9674f964cefc87d7ba7e	26	GameObject	ConfirmText	16040
5088d0220f0c4df439cf06c5c270eacb	1	GameObject	Background	5920
5088d0220f0c4df439cf06c5c270eacb	2	GameObject	Text	5920
5088d0220f0c4df439cf06c5c270eacb	3	GameObject	Toggle	5920
5088d0220f0c4df439cf06c5c270eacb	4	GameObject	DebugUIToggleHistory	5920
5088d0220f0c4df439cf06c5c270eacb	5	GameObject	Checkmark	5920
511991c2c96be2e48a42471a74bbc66d	1	Material	StencilTex	4828
5122a6dd85ef02f4c8a9f7c69d3a8be6	1	Texture2D	Combat	939924
51818e4f2b28b1e4c9f58dd2f78ecbd6	1	Texture2D	Login_Pad_Top	6716
51944c9bd5e86964fa1673f053e6af9f	1	Texture2D	icon_hover_31	6308
51944c9bd5e86964fa1673f053e6af9f	2	Sprite	icon_hover_31	6308
519a9f2bfa06b2b4485a2ea2aa8837b4	1	Texture2D	indicator33	37348
519a9f2bfa06b2b4485a2ea2aa8837b4	2	Sprite	indicator33	37348
51d11cc96c318094fbb1405895f0e8c8	1	TextAsset	values-tr	67220
5222bf6ce9fc43a48bca671310a25abd	1	GameObject	Text	8188
5222bf6ce9fc43a48bca671310a25abd	2	GameObject	Size	8188
5222bf6ce9fc43a48bca671310a25abd	3	GameObject	ArrayField	8188
5222bf6ce9fc43a48bca671310a25abd	4	GameObject	VariableNameMask	8188
5222bf6ce9fc43a48bca671310a25abd	5	GameObject	ExpandToggle	8188
5222bf6ce9fc43a48bca671310a25abd	6	GameObject	VariableName	8188
5222bf6ce9fc43a48bca671310a25abd	7	GameObject	Objects	8188
5222bf6ce9fc43a48bca671310a25abd	8	GameObject	ExpandArrow	8188
5222bf6ce9fc43a48bca671310a25abd	9	GameObject	InputField	8188
5222bf6ce9fc43a48bca671310a25abd	10	GameObject	Text	8188
5227ef4e12c1dfb44ace04db33b0e71d	1	Texture2D	icon_default_18	6248
5227ef4e12c1dfb44ace04db33b0e71d	2	Sprite	icon_default_18	6248
528568347fdcf7148bbbf083643a0ddd	1	Texture2D	indicator08	37136
528568347fdcf7148bbbf083643a0ddd	2	Sprite	indicator08	37136
52a80adf1ff073942a969e2b534ce695	1	Material	RoadPuzzle_846_Plane_BG	5656
53bca7dbf56b16a40868abc4f2cbf0bd	1	TextAsset	values-zh-rTW	61716
540d9c4334a9e61498a26125e42ae81c	1	GameObject	VariableNameMask	6332
540d9c4334a9e61498a26125e42ae81c	2	GameObject	TextureReferenceField	6332
540d9c4334a9e61498a26125e42ae81c	3	GameObject	ReferenceName	6332
540d9c4334a9e61498a26125e42ae81c	4	GameObject	VariableName	6332
540d9c4334a9e61498a26125e42ae81c	5	GameObject	Preview	6332
540d9c4334a9e61498a26125e42ae81c	6	GameObject	Image	6332
5411d5b630f831d4091a740b9022617c	1	Texture2D	community_on	9704
544752a72c9215b4086242e408037a16	1	Texture2D	icon_hover_03	6288
544752a72c9215b4086242e408037a16	2	Sprite	icon_hover_03	6288
54b56e36b95f534468cdac47233f8221	1	Material	FX_MAT_Img_Star_BattleSkip	5460
55c1b495c7d3bc541855e059120ac968	1	Texture2D	icon_logo_apple	46500
55c1b495c7d3bc541855e059120ac968	2	Sprite	icon_logo_apple	46500
561835eac78c70745a009448ecad6c32	1	Texture2D	@ popup btn close_white_press_01	9348
561835eac78c70745a009448ecad6c32	2	Sprite	@ popup btn close_white_press_01	9348
5622ffdc7b5a9ed43a098d9fe090c1bd	1	Texture2D	ic_wait_dialog	38628
5622ffdc7b5a9ed43a098d9fe090c1bd	2	Sprite	ic_wait_dialog	38628
56851d9aaf325d447b82b621606d0222	1	Texture2D	Title_Logo_tw	121868
5713892531073604aa8b337bc352c63a	1	Texture2D	indicator55	37136
5713892531073604aa8b337bc352c63a	2	Sprite	indicator55	37136
57a497373a35fb74c8ed9254a677d370	1	Texture2D	icon_violence_72	46308
57a497373a35fb74c8ed9254a677d370	2	Sprite	icon_violence_72	46308
584dbcdd7d2c80847b91639309af65ac	1	TextAsset	values-es	69088
588eb3a678b83d84ca45f604524024f8	1	Texture2D	FX_TEX_Water_Wave_01	33808
58feae853e7be46429c9eb218ce89d38	1	GameObject	NumberField	6316
58feae853e7be46429c9eb218ce89d38	2	GameObject	InputField	6316
58feae853e7be46429c9eb218ce89d38	3	GameObject	Text	6316
58feae853e7be46429c9eb218ce89d38	4	GameObject	VariableName	6316
58feae853e7be46429c9eb218ce89d38	5	GameObject	VariableNameMask	6316
59d8ea9ce22f4234d862caa2865ea978	1	Texture2D	icon_logo_facebook	46504
59d8ea9ce22f4234d862caa2865ea978	2	Sprite	icon_logo_facebook	46504
5a320d54f7273624bb180deb8a16dd66	1	Texture2D	bg_timer	32864
5a320d54f7273624bb180deb8a16dd66	2	Sprite	bg_timer	32864
5a7a9810832b01c4b8fde9691fbb88dc	1	Texture2D	icon_uncheck_pressed	5272
5a7a9810832b01c4b8fde9691fbb88dc	2	Sprite	icon_uncheck_pressed	5272
5aab9185b6524954cbdc3df4c5fbeac1	1	Texture2D	indicator28	37348
5aab9185b6524954cbdc3df4c5fbeac1	2	Sprite	indicator28	37348
5b6314f3814ef4d4b85841e89da44f20	1	Texture2D	image_corner	4752
5b6314f3814ef4d4b85841e89da44f20	2	Sprite	image_corner	4752
5b906c9e6f5f7344f9940fd22a6b1603	1	Material	Common	4376
5c7bcd121d3a6c042a719da08a1ef6cb	1	GameObject	Selector_In	16000
5c7bcd121d3a6c042a719da08a1ef6cb	2	GameObject	Text	16000
5c7bcd121d3a6c042a719da08a1ef6cb	3	GameObject	Panel	16000
5c7bcd121d3a6c042a719da08a1ef6cb	4	GameObject	Text	16000
5c7bcd121d3a6c042a719da08a1ef6cb	5	GameObject	AlphaSlider	16000
5c7bcd121d3a6c042a719da08a1ef6cb	6	GameObject	ColorWheel	16000
5c7bcd121d3a6c042a719da08a1ef6cb	7	GameObject	Name	16000
5c7bcd121d3a6c042a719da08a1ef6cb	8	GameObject	OKButton	16000
5c7bcd121d3a6c042a719da08a1ef6cb	9	GameObject	RGBA	16000
5c7bcd121d3a6c042a719da08a1ef6cb	10	GameObject	Background	16000
5c7bcd121d3a6c042a719da08a1ef6cb	11	GameObject	BInput	16000
5c7bcd121d3a6c042a719da08a1ef6cb	12	GameObject	Text	16000
5c7bcd121d3a6c042a719da08a1ef6cb	13	GameObject	Foreground	16000
5c7bcd121d3a6c042a719da08a1ef6cb	14	GameObject	Selector_Out	16000
5c7bcd121d3a6c042a719da08a1ef6cb	15	GameObject	Selector	16000
5c7bcd121d3a6c042a719da08a1ef6cb	16	GameObject	AInput	16000
5c7bcd121d3a6c042a719da08a1ef6cb	17	GameObject	Buttons	16000
5c7bcd121d3a6c042a719da08a1ef6cb	18	GameObject	Text	16000
5c7bcd121d3a6c042a719da08a1ef6cb	19	GameObject	GInput	16000
5c7bcd121d3a6c042a719da08a1ef6cb	20	GameObject	Text	16000
5c7bcd121d3a6c042a719da08a1ef6cb	21	GameObject	CancelButton	16000
5c7bcd121d3a6c042a719da08a1ef6cb	22	GameObject	ColorPicker	16000
5c7bcd121d3a6c042a719da08a1ef6cb	23	GameObject	Text	16000
5c7bcd121d3a6c042a719da08a1ef6cb	24	GameObject	RInput	16000
5c7bcd121d3a6c042a719da08a1ef6cb	25	GameObject	SlideArea	16000
5cd5d4aa1a85e624baa7944cbc9a941c	1	GameObject	Overlay	6512
5cd5d4aa1a85e624baa7944cbc9a941c	2	GameObject	Button	6512
5cd5d4aa1a85e624baa7944cbc9a941c	3	GameObject	Contents	6512
5cd5d4aa1a85e624baa7944cbc9a941c	4	GameObject	Text	6512
5cd5d4aa1a85e624baa7944cbc9a941c	5	GameObject	NXPBatchNoticeView	6512
5cd5d4aa1a85e624baa7944cbc9a941c	6	GameObject	Window	6512
5d46264672803844da5202f6519b6c00	1	GameObject	ItemDetailText	4484
5eb1673b59dd8af4b978f7ce181bf8dd	1	Material	Font Material	403194
5eb1673b59dd8af4b978f7ce181bf8dd	2	Texture2D	Font Texture	403194
5ebab3a1df8eb354d9d06f99ec34ff69	1	Texture2D	icon arrow back_black_default_02	9468
5ebab3a1df8eb354d9d06f99ec34ff69	2	Sprite	icon arrow back_black_default_02	9468
5ecc7335c8ff14b4da5ecb55b4c3a22b	1	TextAsset	values-pt	67176
5f6981ef5c09fc249b02021ef7f25297	1	Texture2D	MultiFloorRaid_FloorBoss_00003_1	1777164
5fc9640229313124fab8b42872442b7d	1	Texture2D	indicator48	37184
5fc9640229313124fab8b42872442b7d	2	Sprite	indicator48	37184
601831bca0d2af341a1a6e89a301be19	1	Texture2D	icon_checked_default	5272
601831bca0d2af341a1a6e89a301be19	2	Sprite	icon_checked_default	5272
6052b157d2251674eb10ffd1d8204cb4	1	GameObject	Gauge_AfterEXMemory	72724
6052b157d2251674eb10ffd1d8204cb4	2	GameObject	Label_Diff	72724
6052b157d2251674eb10ffd1d8204cb4	3	GameObject	UI	72724
6052b157d2251674eb10ffd1d8204cb4	4	GameObject	Label_CharacterProfiler	72724
6052b157d2251674eb10ffd1d8204cb4	5	GameObject	ProfileReportWindow	72724
6052b157d2251674eb10ffd1d8204cb4	6	GameObject	LimitProfileCharacterItem	72724
6052b157d2251674eb10ffd1d8204cb4	7	GameObject	Card_Bg_Line	72724
6052b157d2251674eb10ffd1d8204cb4	8	GameObject	ScrollViewBG	72724
6052b157d2251674eb10ffd1d8204cb4	9	GameObject	Gauge_StartMemoryBar	72724
6052b157d2251674eb10ffd1d8204cb4	10	GameObject	Sprite_ArtLevelAutoCompleteItemBg	72724
6052b157d2251674eb10ffd1d8204cb4	11	GameObject	Label_Diff	72724
6052b157d2251674eb10ffd1d8204cb4	12	GameObject	Sprite_ArtLevelProfiler	72724
6052b157d2251674eb10ffd1d8204cb4	13	GameObject	Sprite_ArtLevelInput	72724
6052b157d2251674eb10ffd1d8204cb4	14	GameObject	Btn_MoveArrow	72724
6052b157d2251674eb10ffd1d8204cb4	15	GameObject	Label_Memory	72724
6052b157d2251674eb10ffd1d8204cb4	16	GameObject	Card_Char	72724
6052b157d2251674eb10ffd1d8204cb4	17	GameObject	Input_ProfileCharacter	72724
6052b157d2251674eb10ffd1d8204cb4	18	GameObject	Card_Bg_Line (1)	72724
6052b157d2251674eb10ffd1d8204cb4	19	GameObject	SelectedArtLevel	72724
6052b157d2251674eb10ffd1d8204cb4	20	GameObject	Label_Id	72724
6052b157d2251674eb10ffd1d8204cb4	21	GameObject	Gauge_AfterEXMemoryText	72724
6052b157d2251674eb10ffd1d8204cb4	22	GameObject	Label_AfterEXName	72724
6052b157d2251674eb10ffd1d8204cb4	23	GameObject	BG	72724
6052b157d2251674eb10ffd1d8204cb4	24	GameObject	Label_Report	72724
6052b157d2251674eb10ffd1d8204cb4	25	GameObject	Label_AfterEXName	72724
6052b157d2251674eb10ffd1d8204cb4	26	GameObject	Gauge_PublicMemory_1	72724
6052b157d2251674eb10ffd1d8204cb4	27	GameObject	Label_Name	72724
6052b157d2251674eb10ffd1d8204cb4	28	GameObject	Label_Report	72724
6052b157d2251674eb10ffd1d8204cb4	29	GameObject	Grid	72724
6052b157d2251674eb10ffd1d8204cb4	30	GameObject	Card_Char	72724
6052b157d2251674eb10ffd1d8204cb4	31	GameObject	Btn_Mesh	72724
6052b157d2251674eb10ffd1d8204cb4	32	GameObject	Label_ArtLevelInputDisable	72724
6052b157d2251674eb10ffd1d8204cb4	33	GameObject	Label_Cleanup	72724
6052b157d2251674eb10ffd1d8204cb4	34	GameObject	UICharacterCard	72724
6052b157d2251674eb10ffd1d8204cb4	35	GameObject	Label_Id	72724
6052b157d2251674eb10ffd1d8204cb4	36	GameObject	Label_AfterEXName	72724
6052b157d2251674eb10ffd1d8204cb4	37	GameObject	Label_AfterPublicName	72724
6052b157d2251674eb10ffd1d8204cb4	38	GameObject	Btn_ArtLevelProfile	72724
6052b157d2251674eb10ffd1d8204cb4	39	GameObject	Gauge_StartMemory	72724
6052b157d2251674eb10ffd1d8204cb4	40	GameObject	Btn_CharacterSelector	72724
6052b157d2251674eb10ffd1d8204cb4	41	GameObject	Label_Mesh	72724
6052b157d2251674eb10ffd1d8204cb4	42	GameObject	Gauge_PrePublicMemory	72724
6052b157d2251674eb10ffd1d8204cb4	43	GameObject	Btn_Cleanup	72724
6052b157d2251674eb10ffd1d8204cb4	44	GameObject	Card_Bg_Line (1)	72724
6052b157d2251674eb10ffd1d8204cb4	45	GameObject	Widget	72724
6052b157d2251674eb10ffd1d8204cb4	46	GameObject	Gauge_PrePublicMemoryBar	72724
6052b157d2251674eb10ffd1d8204cb4	47	GameObject	Gauge_MaxMemoryBar	72724
6052b157d2251674eb10ffd1d8204cb4	48	GameObject	Btn_Detail	72724
6052b157d2251674eb10ffd1d8204cb4	49	GameObject	Label_Memory	72724
6052b157d2251674eb10ffd1d8204cb4	50	GameObject	Gauge_StartMemoryBar	72724
6052b157d2251674eb10ffd1d8204cb4	51	GameObject	Label_TextureCount	72724
6052b157d2251674eb10ffd1d8204cb4	52	GameObject	Label_Capture	72724
6052b157d2251674eb10ffd1d8204cb4	53	GameObject	ProfileSelecter	72724
6052b157d2251674eb10ffd1d8204cb4	54	GameObject	Scroll View	72724
6052b157d2251674eb10ffd1d8204cb4	55	GameObject	Label	72724
6052b157d2251674eb10ffd1d8204cb4	56	GameObject	ResourceInfo	72724
6052b157d2251674eb10ffd1d8204cb4	57	GameObject	Gauge_CurrentMemoryBar	72724
6052b157d2251674eb10ffd1d8204cb4	58	GameObject	Btn_LimitSelectSummon	72724
6052b157d2251674eb10ffd1d8204cb4	59	GameObject	Scroll View	72724
6052b157d2251674eb10ffd1d8204cb4	60	GameObject	ScrollView_Tab	72724
6052b157d2251674eb10ffd1d8204cb4	61	GameObject	LimitProfile	72724
6052b157d2251674eb10ffd1d8204cb4	62	GameObject	Label_TextureMemory	72724
6052b157d2251674eb10ffd1d8204cb4	63	GameObject	Label_Texture	72724
6052b157d2251674eb10ffd1d8204cb4	64	GameObject	Label_Mesh	72724
6052b157d2251674eb10ffd1d8204cb4	65	GameObject	Card_Char	72724
6052b157d2251674eb10ffd1d8204cb4	66	GameObject	Grid	72724
6052b157d2251674eb10ffd1d8204cb4	67	GameObject	Label_ProfileCharacter	72724
6052b157d2251674eb10ffd1d8204cb4	68	GameObject	ScrollViewBG	72724
6052b157d2251674eb10ffd1d8204cb4	69	GameObject	Label_ArtLevelInput	72724
6052b157d2251674eb10ffd1d8204cb4	70	GameObject	Label_ArtLevelProfiler	72724
6052b157d2251674eb10ffd1d8204cb4	71	GameObject	Card_Bg_Line (1)	72724
6052b157d2251674eb10ffd1d8204cb4	72	GameObject	Btn_Diff_1	72724
6052b157d2251674eb10ffd1d8204cb4	73	GameObject	Gauge_Memory	72724
6052b157d2251674eb10ffd1d8204cb4	74	GameObject	Label_PrePublicName	72724
6052b157d2251674eb10ffd1d8204cb4	75	GameObject	Btn_Texture	72724
6052b157d2251674eb10ffd1d8204cb4	76	GameObject	Gauge_StartMemoryText	72724
6052b157d2251674eb10ffd1d8204cb4	77	GameObject	Label_MemoryText	72724
6052b157d2251674eb10ffd1d8204cb4	78	GameObject	Label_MemoryTextMax	72724
6052b157d2251674eb10ffd1d8204cb4	79	GameObject	Label_CharacterMemory	72724
6052b157d2251674eb10ffd1d8204cb4	80	GameObject	Gauge_AfterEXMemoryBar	72724
6052b157d2251674eb10ffd1d8204cb4	81	GameObject	ScrollViewBG	72724
6052b157d2251674eb10ffd1d8204cb4	82	GameObject	ScrollView_ArtLevelAutoComplete	72724
6052b157d2251674eb10ffd1d8204cb4	83	GameObject	Label_LimitSelectSummon	72724
6052b157d2251674eb10ffd1d8204cb4	84	GameObject	Btn_Diff	72724
6052b157d2251674eb10ffd1d8204cb4	85	GameObject	Gauge_StartMemoryText	72724
6052b157d2251674eb10ffd1d8204cb4	86	GameObject	Btn_Close	72724
6052b157d2251674eb10ffd1d8204cb4	87	GameObject	ProfilerWindow	72724
6052b157d2251674eb10ffd1d8204cb4	88	GameObject	Label_ArtLevelProfile	72724
6052b157d2251674eb10ffd1d8204cb4	89	GameObject	Label_Name	72724
6052b157d2251674eb10ffd1d8204cb4	90	GameObject	Label_ArtLevelAutoComplete	72724
6052b157d2251674eb10ffd1d8204cb4	91	GameObject	Gauge_CutIn	72724
6052b157d2251674eb10ffd1d8204cb4	92	GameObject	Gauge_PublicMemoryBar	72724
6052b157d2251674eb10ffd1d8204cb4	93	GameObject	Card_Bg_Line	72724
6052b157d2251674eb10ffd1d8204cb4	94	GameObject	Table	72724
6052b157d2251674eb10ffd1d8204cb4	95	GameObject	Btn_Capture	72724
6052b157d2251674eb10ffd1d8204cb4	96	GameObject	Btn_Summon	72724
6052b157d2251674eb10ffd1d8204cb4	97	GameObject	Label_PrePublicName	72724
6052b157d2251674eb10ffd1d8204cb4	98	GameObject	Scroll View	72724
6052b157d2251674eb10ffd1d8204cb4	99	GameObject	Gauge_AfterPublicMemory	72724
6052b157d2251674eb10ffd1d8204cb4	100	GameObject	Label_PrintResult	72724
6052b157d2251674eb10ffd1d8204cb4	101	GameObject	Label_PrintResult	72724
6052b157d2251674eb10ffd1d8204cb4	102	GameObject	SelectedCharacter	72724
6052b157d2251674eb10ffd1d8204cb4	103	GameObject	Gauge_PrePublicMemoryText	72724
6052b157d2251674eb10ffd1d8204cb4	104	GameObject	Sprite_CharacterProfiler	72724
6052b157d2251674eb10ffd1d8204cb4	105	GameObject	Widget	72724
6052b157d2251674eb10ffd1d8204cb4	106	GameObject	CharacterProfile	72724
6052b157d2251674eb10ffd1d8204cb4	107	GameObject	Btn_DoProfile	72724
6052b157d2251674eb10ffd1d8204cb4	108	GameObject	Label_ArtLevelProfile	72724
6052b157d2251674eb10ffd1d8204cb4	109	GameObject	UIProfiler	72724
6052b157d2251674eb10ffd1d8204cb4	110	GameObject	Gauge_AfterPublicMemoryBar	72724
6052b157d2251674eb10ffd1d8204cb4	111	GameObject	Label_Name	72724
6052b157d2251674eb10ffd1d8204cb4	112	GameObject	Grid	72724
6052b157d2251674eb10ffd1d8204cb4	113	GameObject	Spr_Texture	72724
6052b157d2251674eb10ffd1d8204cb4	114	GameObject	Btn_ArtLevelProfile	72724
6052b157d2251674eb10ffd1d8204cb4	115	GameObject	Widget	72724
6052b157d2251674eb10ffd1d8204cb4	116	GameObject	Gauge_PublicMemoryText	72724
6052b157d2251674eb10ffd1d8204cb4	117	GameObject	Gauge_AfterPublicMemoryText	72724
60dcf1f7937991f4cb4fa4bbf9a71c36	1	Texture2D	@ popup btn close_white_01	8184
60dcf1f7937991f4cb4fa4bbf9a71c36	2	Sprite	@ popup btn close_white_01	8184
614f041d57ce5284ebcb4f6058ec1a22	1	Material	GlitchRGB	4828
625c71b175745a64c8acdf6b614994f4	1	Texture2D	icon_check_hover	5092
625c71b175745a64c8acdf6b614994f4	2	Sprite	icon_check_hover	5092
62805796670e7e04987711157606347b	1	GameObject	nxp_simple_list_view_switchcompat_item	6144
62805796670e7e04987711157606347b	2	GameObject	simple_listview_text	6144
62805796670e7e04987711157606347b	3	GameObject	simple_listview_right_switch_icon	6144
62805796670e7e04987711157606347b	4	GameObject	linear_layout	6144
6329fc24a70b3c64c84d0bfc2e5e0d7f	1	Texture2D	icon_unchecked_hover	5096
6329fc24a70b3c64c84d0bfc2e5e0d7f	2	Sprite	icon_unchecked_hover	5096
632eb84f5b057414b990ff9f91738a3e	1	GameObject	GuideSiteBtn	33076
632eb84f5b057414b990ff9f91738a3e	2	GameObject	Icon	33076
632eb84f5b057414b990ff9f91738a3e	3	GameObject	Icon	33076
632eb84f5b057414b990ff9f91738a3e	4	GameObject	Checkbox	33076
632eb84f5b057414b990ff9f91738a3e	5	GameObject	Off	33076
632eb84f5b057414b990ff9f91738a3e	6	GameObject	Tab_BG	33076
632eb84f5b057414b990ff9f91738a3e	7	GameObject	Top_BG	33076
632eb84f5b057414b990ff9f91738a3e	8	GameObject	On	33076
632eb84f5b057414b990ff9f91738a3e	9	GameObject	Off	33076
632eb84f5b057414b990ff9f91738a3e	10	GameObject	Base	33076
632eb84f5b057414b990ff9f91738a3e	11	GameObject	BG	33076
632eb84f5b057414b990ff9f91738a3e	12	GameObject	Base	33076
632eb84f5b057414b990ff9f91738a3e	13	GameObject	UINotice	33076
632eb84f5b057414b990ff9f91738a3e	14	GameObject	Shadow	33076
632eb84f5b057414b990ff9f91738a3e	15	GameObject	BG	33076
632eb84f5b057414b990ff9f91738a3e	16	GameObject	Tab_Event	33076
632eb84f5b057414b990ff9f91738a3e	17	GameObject	BG	33076
632eb84f5b057414b990ff9f91738a3e	18	GameObject	Tab	33076
632eb84f5b057414b990ff9f91738a3e	19	GameObject	Popup	33076
632eb84f5b057414b990ff9f91738a3e	20	GameObject	Icon	33076
632eb84f5b057414b990ff9f91738a3e	21	GameObject	Tab_Notice	33076
632eb84f5b057414b990ff9f91738a3e	22	GameObject	Icon	33076
632eb84f5b057414b990ff9f91738a3e	23	GameObject	TabScrollView	33076
632eb84f5b057414b990ff9f91738a3e	24	GameObject	Btn_Close	33076
632eb84f5b057414b990ff9f91738a3e	25	GameObject	Texture	33076
632eb84f5b057414b990ff9f91738a3e	26	GameObject	ScheleNews	33076
632eb84f5b057414b990ff9f91738a3e	27	GameObject	On	33076
632eb84f5b057414b990ff9f91738a3e	28	GameObject	List_Line	33076
632eb84f5b057414b990ff9f91738a3e	29	GameObject	List	33076
632eb84f5b057414b990ff9f91738a3e	30	GameObject	List_BG	33076
632eb84f5b057414b990ff9f91738a3e	31	GameObject	BlackBgClickArea	33076
632eb84f5b057414b990ff9f91738a3e	32	GameObject	Top	33076
632eb84f5b057414b990ff9f91738a3e	33	GameObject	Icon	33076
632eb84f5b057414b990ff9f91738a3e	34	GameObject	Outline	33076
632eb84f5b057414b990ff9f91738a3e	35	GameObject	Off	33076
632eb84f5b057414b990ff9f91738a3e	36	GameObject	Icon	33076
632eb84f5b057414b990ff9f91738a3e	37	GameObject	Bg	33076
632eb84f5b057414b990ff9f91738a3e	38	GameObject	BlackBgNoneClickArea	33076
632eb84f5b057414b990ff9f91738a3e	39	GameObject	Texture	33076
632eb84f5b057414b990ff9f91738a3e	40	GameObject	On	33076
632eb84f5b057414b990ff9f91738a3e	41	GameObject	BR	33076
632eb84f5b057414b990ff9f91738a3e	42	GameObject	Label_Event	33076
632eb84f5b057414b990ff9f91738a3e	43	GameObject	Label_Event	33076
632eb84f5b057414b990ff9f91738a3e	44	GameObject	Label_Event	33076
632eb84f5b057414b990ff9f91738a3e	45	GameObject	Btn_NoticeHide	33076
632eb84f5b057414b990ff9f91738a3e	46	GameObject	WebviewBG	33076
632eb84f5b057414b990ff9f91738a3e	47	GameObject	Label_Event (1)	33076
632eb84f5b057414b990ff9f91738a3e	48	GameObject	On	33076
632eb84f5b057414b990ff9f91738a3e	49	GameObject	BG	33076
632eb84f5b057414b990ff9f91738a3e	50	GameObject	Line	33076
632eb84f5b057414b990ff9f91738a3e	51	GameObject	Line	33076
632eb84f5b057414b990ff9f91738a3e	52	GameObject	Outline	33076
632eb84f5b057414b990ff9f91738a3e	53	GameObject	Label_Off	33076
632eb84f5b057414b990ff9f91738a3e	54	GameObject	Empty	33076
632eb84f5b057414b990ff9f91738a3e	55	GameObject	Label_News	33076
632eb84f5b057414b990ff9f91738a3e	56	GameObject	Tab_Issue	33076
632eb84f5b057414b990ff9f91738a3e	57	GameObject	BlackBg	33076
632eb84f5b057414b990ff9f91738a3e	58	GameObject	Bg	33076
632eb84f5b057414b990ff9f91738a3e	59	GameObject	Off	33076
632eb84f5b057414b990ff9f91738a3e	60	GameObject	Icon	33076
632eb84f5b057414b990ff9f91738a3e	61	GameObject	Label_Event (1)	33076
632eb84f5b057414b990ff9f91738a3e	62	GameObject	Label_On	33076
632eb84f5b057414b990ff9f91738a3e	63	GameObject	Label_News (1)	33076
632eb84f5b057414b990ff9f91738a3e	64	GameObject	Check	33076
632eb84f5b057414b990ff9f91738a3e	65	GameObject	LT	33076
632eb84f5b057414b990ff9f91738a3e	66	GameObject	Label_Empty	33076
647cf52e8233ce448a8fa0e2c47703da	1	GameObject	Text	5412
647cf52e8233ce448a8fa0e2c47703da	2	GameObject	Tooltip	5412
647cf52e8233ce448a8fa0e2c47703da	3	GameObject	Background	5412
64d0104a1afb56040b93467ee9747d7c	1	Texture2D	icon_check_pressed	5272
64d0104a1afb56040b93467ee9747d7c	2	Sprite	icon_check_pressed	5272
655e3a48d13277644929c67bd522c2cd	1	Texture2D	FX_TEX_Img_StarIcon_01	8324
657f2b0c039179b41baad6e989c38f92	1	Texture2D	btn_eventbuilder_close	9716
65fe1f81e9bbdf440b11e4db3f2c83f9	1	Texture2D	tex_spine_scan_lines	4480
6700ed7c159f5ce4ca5eb2505134cbca	1	Material	FX_MAT_Touch_Tri 2	4400
67ad8607bf3a76842b16df8c4ae35e52	1	Texture2D	indicator17	37200
67ad8607bf3a76842b16df8c4ae35e52	2	Sprite	indicator17	37200
68118dff3e399ec47af8689062d264ba	1	Texture2D	icon arrow up_04	9364
68118dff3e399ec47af8689062d264ba	2	Sprite	icon arrow up_04	9364
682ba063f5fdb004881a95e19bf914a6	1	Texture2D	icon arrow up_white_03	9452
682ba063f5fdb004881a95e19bf914a6	2	Sprite	icon arrow up_white_03	9452
688f14e12485db84abb31f2f9ee4095c	1	Texture2D	icon_all_72	46356
688f14e12485db84abb31f2f9ee4095c	2	Sprite	icon_all_72	46356
689aa46a8c0cd5f4f8eabaa9eb646897	1	Texture2D	MultiFloorRaid_FloorBoss_00003_2	1777164
6909a646120763c469dec2b95bfa60ba	1	TextAsset	values	74656
6963ba8a67c982a4a811bd481f16ba6e	1	Texture2D	FX_TEX_Eye_motion_02b	8324
6a4eadc958a38dd4baf51b6d3439996c	1	Texture2D	terms_agreement	4916
6a70c8556c5908447a683a41dd8d5cd5	1	Texture2D	Login_Image_SCHALE	119040
6a7dad33b7366ee41a32688bcf61f2bf	1	Texture2D	indicator32	37348
6a7dad33b7366ee41a32688bcf61f2bf	2	Sprite	indicator32	37348
6b872b53ee02cdc42845642c1b152390	1	GameObject	TexturePreview	5500
6b872b53ee02cdc42845642c1b152390	2	GameObject	ReferencePickerItem	5500
6b872b53ee02cdc42845642c1b152390	3	GameObject	Name	5500
6bf6dc0124ff6114f9b9a9ebd996bf4b	1	Texture2D	ColorFieldBg	8808
6bf6dc0124ff6114f9b9a9ebd996bf4b	2	Sprite	ColorFieldBg	8808
6c0dad17f9062bd4baddbe4539103b04	1	GameObject	Monsters	5340
6c0dad17f9062bd4baddbe4539103b04	2	GameObject	Plane	5340
6c0dad17f9062bd4baddbe4539103b04	3	GameObject	Tiles	5340
6c0dad17f9062bd4baddbe4539103b04	4	GameObject	DefaultMap	5340
6c0dad17f9062bd4baddbe4539103b04	5	GameObject	BorderLines	5340
6c0dad17f9062bd4baddbe4539103b04	6	GameObject	EventParent	5340
6cb35ecdfcd6a18428915128a280f67e	1	Texture2D	indicator21	37232
6cb35ecdfcd6a18428915128a280f67e	2	Sprite	indicator21	37232
6ccece8488611b04e9ca16833ea4c7ee	1	Texture2D	icon_ial_epic	129664
6ccece8488611b04e9ca16833ea4c7ee	2	Sprite	icon_ial_epic	129664
6d7b34dff8e6e534181a81b62e3ab07e	1	Texture2D	AccountSettings_Title	10432
6d7b34dff8e6e534181a81b62e3ab07e	2	Sprite	AccountSettings_Title	10432
6de01bdb375f01b4f9bf205daf2f1916	1	Texture2D	btn_account_playgame_white	11524
6de01bdb375f01b4f9bf205daf2f1916	2	Sprite	btn_account_playgame_white	11524
6e709f6da805a0c448aaa5fff1cb0a27	1	GameObject	NXPInAppWebView	4476
6e719ba2d7d960d4db0552f25a6b6793	1	Texture2D	icon_unchecked_disabled	5284
6e719ba2d7d960d4db0552f25a6b6793	2	Sprite	icon_unchecked_disabled	5284
6eb9f0f0250fcd4439eeac17556fc65b	1	GameObject	Footer_Copyrights	12364
6eb9f0f0250fcd4439eeac17556fc65b	2	GameObject	Header_Title	12364
6eb9f0f0250fcd4439eeac17556fc65b	3	GameObject	NXPAccountLinkAccountSettings	12364
6eb9f0f0250fcd4439eeac17556fc65b	4	GameObject	Header	12364
6eb9f0f0250fcd4439eeac17556fc65b	5	GameObject	Blank	12364
6eb9f0f0250fcd4439eeac17556fc65b	6	GameObject	ButtonGroup	12364
6eb9f0f0250fcd4439eeac17556fc65b	7	GameObject	MainText	12364
6eb9f0f0250fcd4439eeac17556fc65b	8	GameObject	Footer	12364
6eb9f0f0250fcd4439eeac17556fc65b	9	GameObject	CloseButton	12364
6eb9f0f0250fcd4439eeac17556fc65b	10	GameObject	Overlay	12364
6eb9f0f0250fcd4439eeac17556fc65b	11	GameObject	Blank	12364
6eb9f0f0250fcd4439eeac17556fc65b	12	GameObject	Main	12364
6eb9f0f0250fcd4439eeac17556fc65b	13	GameObject	Contents	12364
6eb9f0f0250fcd4439eeac17556fc65b	14	GameObject	SubText	12364
6eb9f0f0250fcd4439eeac17556fc65b	15	GameObject	Header_Seperator	12364
6eb9f0f0250fcd4439eeac17556fc65b	16	GameObject	ConfirmButton	12364
6eb9f0f0250fcd4439eeac17556fc65b	17	GameObject	ConfirmButtonText	12364
6eb9f0f0250fcd4439eeac17556fc65b	18	GameObject	Window	12364
6eb9f0f0250fcd4439eeac17556fc65b	19	GameObject	Header_CI	12364
6eb9f0f0250fcd4439eeac17556fc65b	20	GameObject	Logo	12364
6eb9f0f0250fcd4439eeac17556fc65b	21	GameObject	CloseButtonText	12364
6f27c7137cd107a4b942b70f30bbd7f8	1	Material	Font Material	5792506
6f27c7137cd107a4b942b70f30bbd7f8	2	Texture2D	Font Texture	5792506
6f2b9cb17db6e304ebc53f44c4d697e8	1	Texture2D	icon_ial_steam	129664
6f2b9cb17db6e304ebc53f44c4d697e8	2	Sprite	icon_ial_steam	129664
6f3afb53398dee24d93e4eccb92e5913	1	Texture2D	UISprite	5604
706ad75c118af074da6d194f565cda99	1	GameObject	Text	5492
706ad75c118af074da6d194f565cda99	2	GameObject	Image	5492
706ad75c118af074da6d194f565cda99	3	GameObject	Toast	5492
70728c6b72d8bb74d8d69f34031e3f39	1	Texture2D	Common	3741588
710ca668acf4ae34e9942a9bd26d6046	1	Texture2D	indicator34	37348
710ca668acf4ae34e9942a9bd26d6046	2	Sprite	indicator34	37348
71131769fa6b34c4ea183370161feb3b	1	GameObject	BackButton	6472
71131769fa6b34c4ea183370161feb3b	2	GameObject	Separator	6472
71131769fa6b34c4ea183370161feb3b	3	GameObject	Title	6472
71131769fa6b34c4ea183370161feb3b	4	GameObject	NXPPlateCommonHeader	6472
71131769fa6b34c4ea183370161feb3b	5	GameObject	CloseButton	6472
71bd9c0c5978cee4c9c2eb4f0e23c452	1	Texture2D	icon_switch_h20_default	5892
71bd9c0c5978cee4c9c2eb4f0e23c452	2	Sprite	icon_switch_h20_default	5892
71c508fb8db9ec647a8af7a4988b9c3d	1	Texture2D	btn_account_facebook	11156
71c508fb8db9ec647a8af7a4988b9c3d	2	Sprite	btn_account_facebook	11156
7256756862421174aaee1e06d11cb9ca	1	Texture2D	icon_hover_07	7192
7256756862421174aaee1e06d11cb9ca	2	Sprite	icon_hover_07	7192
7443ee32207d4c948aea09bed6b738db	1	Texture2D	icon_hover_18	6248
7443ee32207d4c948aea09bed6b738db	2	Sprite	icon_hover_18	6248
7457e411f4dfa6f44916336735c09c9c	1	GameObject	BannerDialog	5844
7457e411f4dfa6f44916336735c09c9c	2	GameObject	PortraitFrame	5844
7457e411f4dfa6f44916336735c09c9c	3	GameObject	ImageView	5844
7457e411f4dfa6f44916336735c09c9c	4	GameObject	LandscapeFrame	5844
7457e411f4dfa6f44916336735c09c9c	5	GameObject	ImageView	5844
74a5091d8707f334b9a5c31ef71a64ba	1	Material	Font Material	85698
74a5091d8707f334b9a5c31ef71a64ba	2	Texture2D	Font Texture	85698
75ba85c1dc3929841b505925da43241e	1	Texture2D	icon_ial_Refresh	10540
75ba85c1dc3929841b505925da43241e	2	Sprite	icon_ial_Refresh	10540
762f6d670f4d35a46bf6a9c7538d7562	1	Texture2D	icon arrow up_hover_04	9380
762f6d670f4d35a46bf6a9c7538d7562	2	Sprite	icon arrow up_hover_04	9380
76db3036cc184cc448006f8866b09b61	1	Texture2D	indicator14	37184
76db3036cc184cc448006f8866b09b61	2	Sprite	indicator14	37184
7768882cddcc1f0408f2c094a4a7aa3c	1	Texture2D	icon_logo_twitter	46504
7768882cddcc1f0408f2c094a4a7aa3c	2	Sprite	icon_logo_twitter	46504
77c185820dd1a464eac89cae3abccddf	1	GameObject	Float	10904
77c185820dd1a464eac89cae3abccddf	2	GameObject	Content	10904
77c185820dd1a464eac89cae3abccddf	3	GameObject	Text	10904
77c185820dd1a464eac89cae3abccddf	4	GameObject	B	10904
77c185820dd1a464eac89cae3abccddf	5	GameObject	Text	10904
77c185820dd1a464eac89cae3abccddf	6	GameObject	DebugUIColor	10904
77c185820dd1a464eac89cae3abccddf	7	GameObject	Float	10904
77c185820dd1a464eac89cae3abccddf	8	GameObject	Float	10904
77c185820dd1a464eac89cae3abccddf	9	GameObject	Text	10904
77c185820dd1a464eac89cae3abccddf	10	GameObject	Color	10904
77c185820dd1a464eac89cae3abccddf	11	GameObject	A	10904
77c185820dd1a464eac89cae3abccddf	12	GameObject	Float	10904
77c185820dd1a464eac89cae3abccddf	13	GameObject	R	10904
77c185820dd1a464eac89cae3abccddf	14	GameObject	Arrow Closed	10904
77c185820dd1a464eac89cae3abccddf	15	GameObject	Arrow Opened	10904
77c185820dd1a464eac89cae3abccddf	16	GameObject	Text	10904
77c185820dd1a464eac89cae3abccddf	17	GameObject	Header	10904
77c185820dd1a464eac89cae3abccddf	18	GameObject	G	10904
77c185820dd1a464eac89cae3abccddf	19	GameObject	Text	10904
77cf63254eb1f144aaf98d6ba9a7c7fc	1	Texture2D	icon arrow_press	4852
77cf63254eb1f144aaf98d6ba9a7c7fc	2	Sprite	icon arrow_press	4852
77d775959e7520645986e4f6442691b6	1	Texture2D	MultiFloorRaid_FloorBoss_00002_2	1777164
77e4ad58feac09a429688145d6442cba	1	Texture2D	btn_account_nexon	11280
77e4ad58feac09a429688145d6442cba	2	Sprite	btn_account_nexon	11280
7830fa08aa8630f488bdbe4c7f4e45c1	1	Texture2D	AccountSettings_CodeButton_Background	103140
7830fa08aa8630f488bdbe4c7f4e45c1	2	Sprite	AccountSettings_CodeButton_Background	103140
785e9c0351fd7f0479ab4960e090f38e	1	Texture2D	icon_checked_Press	5272
785e9c0351fd7f0479ab4960e090f38e	2	Sprite	icon_checked_Press	5272
793de84992b1ce64aac1a93c47c4dead	1	Texture2D	SliderThumb	8912
793de84992b1ce64aac1a93c47c4dead	2	Sprite	SliderThumb	8912
79459efec17a4d00a321bdcc27bbc385	1	Material	LiberationSans SDF - Outline	5704
796112823cc06244c9a472de097830dd	1	Texture2D	White	8772
796112823cc06244c9a472de097830dd	2	Sprite	White	8772
79c836cba63d7934ab9ab27ba1c263db	1	Texture2D	ImgFont_Schalenews	15456
7a0568d5e3330b84687e307992be3030	1	Texture2D	UIFoldoutClosed	5188
7a0568d5e3330b84687e307992be3030	2	Sprite	UIFoldoutClosed	5188
7a726bf1a378bcb49879225a8ce19ddb	1	Material	FX_MAT_Eye_motion_02a_BattleSkip	5308
7a96b26c11d09be4eb74b6ac446eb844	1	Material	FX_MAT_Hit_RGB_10a_BattleSkip	6052
7b1219fd4c6dca849aa12d299842f6ad	1	GameObject	CautionText	10896
7b1219fd4c6dca849aa12d299842f6ad	2	GameObject	Overlay	10896
7b1219fd4c6dca849aa12d299842f6ad	3	GameObject	Description	10896
7b1219fd4c6dca849aa12d299842f6ad	4	GameObject	CancelText	10896
7b1219fd4c6dca849aa12d299842f6ad	5	GameObject	CodeView	10896
7b1219fd4c6dca849aa12d299842f6ad	6	GameObject	Text	10896
7b1219fd4c6dca849aa12d299842f6ad	7	GameObject	Window	10896
7b1219fd4c6dca849aa12d299842f6ad	8	GameObject	Title	10896
7b1219fd4c6dca849aa12d299842f6ad	9	GameObject	NXPLinkNexonAccountAlert	10896
7b1219fd4c6dca849aa12d299842f6ad	10	GameObject	ConfirmText	10896
7b1219fd4c6dca849aa12d299842f6ad	11	GameObject	Text	10896
7b1219fd4c6dca849aa12d299842f6ad	12	GameObject	ButtonGroup	10896
7b1219fd4c6dca849aa12d299842f6ad	13	GameObject	ConfirmButton	10896
7b1219fd4c6dca849aa12d299842f6ad	14	GameObject	DescText	10896
7b1219fd4c6dca849aa12d299842f6ad	15	GameObject	CancelButton	10896
7b21f99f7c772ac40aa9a4e31ac68739	1	Texture2D	btn_account_google	11660
7b21f99f7c772ac40aa9a4e31ac68739	2	Sprite	btn_account_google	11660
7b318668e35de1b44a870ab854cbcb55	1	GameObject	XInputField	16400
7b318668e35de1b44a870ab854cbcb55	2	GameObject	VariableName	16400
7b318668e35de1b44a870ab854cbcb55	3	GameObject	VariableNameMask	16400
7b318668e35de1b44a870ab854cbcb55	4	GameObject	YInputField	16400
7b318668e35de1b44a870ab854cbcb55	5	GameObject	Text	16400
7b318668e35de1b44a870ab854cbcb55	6	GameObject	ZLabel	16400
7b318668e35de1b44a870ab854cbcb55	7	GameObject	Text	16400
7b318668e35de1b44a870ab854cbcb55	8	GameObject	XInputField	16400
7b318668e35de1b44a870ab854cbcb55	9	GameObject	Text	16400
7b318668e35de1b44a870ab854cbcb55	10	GameObject	YLabel	16400
7b318668e35de1b44a870ab854cbcb55	11	GameObject	YLabel	16400
7b318668e35de1b44a870ab854cbcb55	12	GameObject	Text	16400
7b318668e35de1b44a870ab854cbcb55	13	GameObject	VariableName	16400
7b318668e35de1b44a870ab854cbcb55	14	GameObject	BoundsField	16400
7b318668e35de1b44a870ab854cbcb55	15	GameObject	ExtentsInput	16400
7b318668e35de1b44a870ab854cbcb55	16	GameObject	Text	16400
7b318668e35de1b44a870ab854cbcb55	17	GameObject	ZLabel	16400
7b318668e35de1b44a870ab854cbcb55	18	GameObject	ZInputField	16400
7b318668e35de1b44a870ab854cbcb55	19	GameObject	VariableName	16400
7b318668e35de1b44a870ab854cbcb55	20	GameObject	Text	16400
7b318668e35de1b44a870ab854cbcb55	21	GameObject	VisibleArea	16400
7b318668e35de1b44a870ab854cbcb55	22	GameObject	XLabel	16400
7b318668e35de1b44a870ab854cbcb55	23	GameObject	VariableNameMask	16400
7b318668e35de1b44a870ab854cbcb55	24	GameObject	XLabel	16400
7b318668e35de1b44a870ab854cbcb55	25	GameObject	ZInputField	16400
7b318668e35de1b44a870ab854cbcb55	26	GameObject	YInputField	16400
7b318668e35de1b44a870ab854cbcb55	27	GameObject	CenterInput	16400
7b450e9af75cbce4ea5457375d4539ec	1	Texture2D	icon_logo_line	46500
7b450e9af75cbce4ea5457375d4539ec	2	Sprite	icon_logo_line	46500
7b6b353be23ef184fbe9e326168d001a	1	Texture2D	MultiFloorRaid_FloorBoss_00002_1	1777164
7bd747eabd52d0347881495dc0c63900	1	Texture2D	icon_hover_25	6656
7bd747eabd52d0347881495dc0c63900	2	Sprite	icon_hover_25	6656
7bd81019431460c4aab188634822355c	1	GameObject	NXPCustomQRView	14668
7bd81019431460c4aab188634822355c	2	GameObject	Overlay	14668
7bd81019431460c4aab188634822355c	3	GameObject	Window	14668
7bd81019431460c4aab188634822355c	4	GameObject	MainContents	14668
7bd81019431460c4aab188634822355c	5	GameObject	LeftPanel	14668
7bd81019431460c4aab188634822355c	6	GameObject	WidgetBackgroundImage	14668
7bd81019431460c4aab188634822355c	7	GameObject	QRCard	14668
7bd81019431460c4aab188634822355c	8	GameObject	QRImage	14668
7bd81019431460c4aab188634822355c	9	GameObject	QRScanText	14668
7bd81019431460c4aab188634822355c	10	GameObject	QRRemainText	14668
7bd81019431460c4aab188634822355c	11	GameObject	RightPanel	14668
7bd81019431460c4aab188634822355c	12	GameObject	WidgetTitleText	14668
7bd81019431460c4aab188634822355c	13	GameObject	WidgetDescriptionText	14668
7bd81019431460c4aab188634822355c	14	GameObject	ShortCutButton	14668
7bd81019431460c4aab188634822355c	15	GameObject	ShortCutText	14668
7bd81019431460c4aab188634822355c	16	GameObject	RefreshButton	14668
7bd81019431460c4aab188634822355c	17	GameObject	RefreshText	14668
7bd81019431460c4aab188634822355c	18	GameObject	CloseButton	14668
7bd81019431460c4aab188634822355c	19	GameObject	CloseText	14668
7bd81019431460c4aab188634822355c	20	GameObject	Corner_RightBottom	14668
7bd81019431460c4aab188634822355c	21	GameObject	ButtonGroup	14668
7bd81019431460c4aab188634822355c	22	GameObject	Corner_LeftTop	14668
7bd81019431460c4aab188634822355c	23	GameObject	QRTextGroup	14668
7bd81019431460c4aab188634822355c	24	GameObject	QRCardLayout	14668
7bd81019431460c4aab188634822355c	25	GameObject	Outline	14668
7bd81019431460c4aab188634822355c	26	GameObject	TextGroup	14668
7bd81019431460c4aab188634822355c	27	GameObject	Corner_LeftBottom	14668
7bd81019431460c4aab188634822355c	28	GameObject	QRTextGroupSize	14668
7bd81019431460c4aab188634822355c	29	GameObject	RightPanelLayout	14668
7bd81019431460c4aab188634822355c	30	GameObject	Corner_RightTop	14668
7bd81019431460c4aab188634822355c	31	GameObject	QRCardBackground	14668
7c1c7a23914c70d40aeb4e2ee9ed1bd1	1	Texture2D	FX_TEX_Noise_06	33804
7c78b588b2e1f7c4a86ca4a985cf6e4a	1	GameObject	Checkmark	77344
7c78b588b2e1f7c4a86ca4a985cf6e4a	2	GameObject	Toggle	77344
7c78b588b2e1f7c4a86ca4a985cf6e4a	3	GameObject	Background	77344
7c78b588b2e1f7c4a86ca4a985cf6e4a	4	GameObject	Text	77344
7c78b588b2e1f7c4a86ca4a985cf6e4a	5	GameObject	Background	77344
7c78b588b2e1f7c4a86ca4a985cf6e4a	6	GameObject	Background	77344
7c78b588b2e1f7c4a86ca4a985cf6e4a	7	GameObject	Checkmark	77344
7c78b588b2e1f7c4a86ca4a985cf6e4a	8	GameObject	DebugUI Toggle 22	77344
7c78b588b2e1f7c4a86ca4a985cf6e4a	9	GameObject	Checkmark	77344
7c78b588b2e1f7c4a86ca4a985cf6e4a	10	GameObject	Checkmark	77344
7c78b588b2e1f7c4a86ca4a985cf6e4a	11	GameObject	Background	77344
7c78b588b2e1f7c4a86ca4a985cf6e4a	12	GameObject	Text	77344
7c78b588b2e1f7c4a86ca4a985cf6e4a	13	GameObject	Text	77344
7c78b588b2e1f7c4a86ca4a985cf6e4a	14	GameObject	Checkmark	77344
7c78b588b2e1f7c4a86ca4a985cf6e4a	15	GameObject	Text	77344
7c78b588b2e1f7c4a86ca4a985cf6e4a	16	GameObject	DebugUI Toggle 28	77344
7c78b588b2e1f7c4a86ca4a985cf6e4a	17	GameObject	Text	77344
7c78b588b2e1f7c4a86ca4a985cf6e4a	18	GameObject	Toggle	77344
7c78b588b2e1f7c4a86ca4a985cf6e4a	19	GameObject	Checkmark	77344
7c78b588b2e1f7c4a86ca4a985cf6e4a	20	GameObject	Text	77344
7c78b588b2e1f7c4a86ca4a985cf6e4a	21	GameObject	Text	77344
7c78b588b2e1f7c4a86ca4a985cf6e4a	22	GameObject	DebugUI Toggle 17	77344
7c78b588b2e1f7c4a86ca4a985cf6e4a	23	GameObject	Text	77344
7c78b588b2e1f7c4a86ca4a985cf6e4a	24	GameObject	Text	77344
7c78b588b2e1f7c4a86ca4a985cf6e4a	25	GameObject	Toggle	77344
7c78b588b2e1f7c4a86ca4a985cf6e4a	26	GameObject	Background	77344
7c78b588b2e1f7c4a86ca4a985cf6e4a	27	GameObject	Toggle	77344
7c78b588b2e1f7c4a86ca4a985cf6e4a	28	GameObject	Toggle	77344
7c78b588b2e1f7c4a86ca4a985cf6e4a	29	GameObject	DebugUI Toggle 13	77344
7c78b588b2e1f7c4a86ca4a985cf6e4a	30	GameObject	Text	77344
7c78b588b2e1f7c4a86ca4a985cf6e4a	31	GameObject	Background	77344
7c78b588b2e1f7c4a86ca4a985cf6e4a	32	GameObject	DebugUI Toggle 24	77344
7c78b588b2e1f7c4a86ca4a985cf6e4a	33	GameObject	Background	77344
7c78b588b2e1f7c4a86ca4a985cf6e4a	34	GameObject	DebugUI Toggle 6	77344
7c78b588b2e1f7c4a86ca4a985cf6e4a	35	GameObject	Background	77344
7c78b588b2e1f7c4a86ca4a985cf6e4a	36	GameObject	Toggle	77344
7c78b588b2e1f7c4a86ca4a985cf6e4a	37	GameObject	Checkmark	77344
7c78b588b2e1f7c4a86ca4a985cf6e4a	38	GameObject	Background	77344
7c78b588b2e1f7c4a86ca4a985cf6e4a	39	GameObject	Checkmark	77344
7c78b588b2e1f7c4a86ca4a985cf6e4a	40	GameObject	Background	77344
7c78b588b2e1f7c4a86ca4a985cf6e4a	41	GameObject	Checkmark	77344
7c78b588b2e1f7c4a86ca4a985cf6e4a	42	GameObject	Checkmark	77344
7c78b588b2e1f7c4a86ca4a985cf6e4a	43	GameObject	Toggle	77344
7c78b588b2e1f7c4a86ca4a985cf6e4a	44	GameObject	Checkmark	77344
7c78b588b2e1f7c4a86ca4a985cf6e4a	45	GameObject	Toggle	77344
7c78b588b2e1f7c4a86ca4a985cf6e4a	46	GameObject	Text	77344
7c78b588b2e1f7c4a86ca4a985cf6e4a	47	GameObject	Background	77344
7c78b588b2e1f7c4a86ca4a985cf6e4a	48	GameObject	Toggle	77344
7c78b588b2e1f7c4a86ca4a985cf6e4a	49	GameObject	Checkmark	77344
7c78b588b2e1f7c4a86ca4a985cf6e4a	50	GameObject	Background	77344
7c78b588b2e1f7c4a86ca4a985cf6e4a	51	GameObject	Background	77344
7c78b588b2e1f7c4a86ca4a985cf6e4a	52	GameObject	Checkmark	77344
7c78b588b2e1f7c4a86ca4a985cf6e4a	53	GameObject	Toggle	77344
7c78b588b2e1f7c4a86ca4a985cf6e4a	54	GameObject	Toggle	77344
7c78b588b2e1f7c4a86ca4a985cf6e4a	55	GameObject	Toggle	77344
7c78b588b2e1f7c4a86ca4a985cf6e4a	56	GameObject	DebugUI Toggle 4	77344
7c78b588b2e1f7c4a86ca4a985cf6e4a	57	GameObject	Toggle	77344
7c78b588b2e1f7c4a86ca4a985cf6e4a	58	GameObject	DebugUI Toggle 3	77344
7c78b588b2e1f7c4a86ca4a985cf6e4a	59	GameObject	DebugUI Toggle 9	77344
7c78b588b2e1f7c4a86ca4a985cf6e4a	60	GameObject	Background	77344
7c78b588b2e1f7c4a86ca4a985cf6e4a	61	GameObject	Toggle	77344
7c78b588b2e1f7c4a86ca4a985cf6e4a	62	GameObject	Text	77344
7c78b588b2e1f7c4a86ca4a985cf6e4a	63	GameObject	DebugUI Toggle 0	77344
7c78b588b2e1f7c4a86ca4a985cf6e4a	64	GameObject	Checkmark	77344
7c78b588b2e1f7c4a86ca4a985cf6e4a	65	GameObject	Background	77344
7c78b588b2e1f7c4a86ca4a985cf6e4a	66	GameObject	Text	77344
7c78b588b2e1f7c4a86ca4a985cf6e4a	67	GameObject	Toggle	77344
7c78b588b2e1f7c4a86ca4a985cf6e4a	68	GameObject	Checkmark	77344
7c78b588b2e1f7c4a86ca4a985cf6e4a	69	GameObject	Checkmark	77344
7c78b588b2e1f7c4a86ca4a985cf6e4a	70	GameObject	Checkmark	77344
7c78b588b2e1f7c4a86ca4a985cf6e4a	71	GameObject	DebugUI Toggle 25	77344
7c78b588b2e1f7c4a86ca4a985cf6e4a	72	GameObject	Text	77344
7c78b588b2e1f7c4a86ca4a985cf6e4a	73	GameObject	Text	77344
7c78b588b2e1f7c4a86ca4a985cf6e4a	74	GameObject	Toggle	77344
7c78b588b2e1f7c4a86ca4a985cf6e4a	75	GameObject	DebugUI Toggle 11	77344
7c78b588b2e1f7c4a86ca4a985cf6e4a	76	GameObject	Toggle	77344
7c78b588b2e1f7c4a86ca4a985cf6e4a	77	GameObject	Toggle	77344
7c78b588b2e1f7c4a86ca4a985cf6e4a	78	GameObject	Toggle	77344
7c78b588b2e1f7c4a86ca4a985cf6e4a	79	GameObject	DebugUI Toggle 26	77344
7c78b588b2e1f7c4a86ca4a985cf6e4a	80	GameObject	Background	77344
7c78b588b2e1f7c4a86ca4a985cf6e4a	81	GameObject	DebugUI Toggle 18	77344
7c78b588b2e1f7c4a86ca4a985cf6e4a	82	GameObject	Checkmark	77344
7c78b588b2e1f7c4a86ca4a985cf6e4a	83	GameObject	Text	77344
7c78b588b2e1f7c4a86ca4a985cf6e4a	84	GameObject	Background	77344
7c78b588b2e1f7c4a86ca4a985cf6e4a	85	GameObject	Text	77344
7c78b588b2e1f7c4a86ca4a985cf6e4a	86	GameObject	Background	77344
7c78b588b2e1f7c4a86ca4a985cf6e4a	87	GameObject	Checkmark	77344
7c78b588b2e1f7c4a86ca4a985cf6e4a	88	GameObject	Background	77344
7c78b588b2e1f7c4a86ca4a985cf6e4a	89	GameObject	Background	77344
7c78b588b2e1f7c4a86ca4a985cf6e4a	90	GameObject	Toggle	77344
7c78b588b2e1f7c4a86ca4a985cf6e4a	91	GameObject	Text	77344
7c78b588b2e1f7c4a86ca4a985cf6e4a	92	GameObject	Text	77344
7c78b588b2e1f7c4a86ca4a985cf6e4a	93	GameObject	DebugUI Toggle 8	77344
7c78b588b2e1f7c4a86ca4a985cf6e4a	94	GameObject	Text	77344
7c78b588b2e1f7c4a86ca4a985cf6e4a	95	GameObject	Checkmark	77344
7c78b588b2e1f7c4a86ca4a985cf6e4a	96	GameObject	Toggle	77344
7c78b588b2e1f7c4a86ca4a985cf6e4a	97	GameObject	DebugUI Toggle 1	77344
7c78b588b2e1f7c4a86ca4a985cf6e4a	98	GameObject	Text	77344
7c78b588b2e1f7c4a86ca4a985cf6e4a	99	GameObject	Background	77344
7c78b588b2e1f7c4a86ca4a985cf6e4a	100	GameObject	DebugUI Toggle 27	77344
7c78b588b2e1f7c4a86ca4a985cf6e4a	101	GameObject	Checkmark	77344
7c78b588b2e1f7c4a86ca4a985cf6e4a	102	GameObject	Text	77344
7c78b588b2e1f7c4a86ca4a985cf6e4a	103	GameObject	Background	77344
7c78b588b2e1f7c4a86ca4a985cf6e4a	104	GameObject	Text	77344
7c78b588b2e1f7c4a86ca4a985cf6e4a	105	GameObject	Checkmark	77344
7c78b588b2e1f7c4a86ca4a985cf6e4a	106	GameObject	DebugUI Toggle 15	77344
7c78b588b2e1f7c4a86ca4a985cf6e4a	107	GameObject	Checkmark	77344
7c78b588b2e1f7c4a86ca4a985cf6e4a	108	GameObject	Arrow Closed	77344
7c78b588b2e1f7c4a86ca4a985cf6e4a	109	GameObject	Text	77344
7c78b588b2e1f7c4a86ca4a985cf6e4a	110	GameObject	Arrow Opened	77344
7c78b588b2e1f7c4a86ca4a985cf6e4a	111	GameObject	Header	77344
7c78b588b2e1f7c4a86ca4a985cf6e4a	112	GameObject	Checkmark	77344
7c78b588b2e1f7c4a86ca4a985cf6e4a	113	GameObject	DebugUIBitField	77344
7c78b588b2e1f7c4a86ca4a985cf6e4a	114	GameObject	Content	77344
7c78b588b2e1f7c4a86ca4a985cf6e4a	115	GameObject	DebugUI Toggle 21	77344
7c78b588b2e1f7c4a86ca4a985cf6e4a	116	GameObject	Checkmark	77344
7c78b588b2e1f7c4a86ca4a985cf6e4a	117	GameObject	Toggle	77344
7c78b588b2e1f7c4a86ca4a985cf6e4a	118	GameObject	Text	77344
7c78b588b2e1f7c4a86ca4a985cf6e4a	119	GameObject	DebugUI Toggle 30	77344
7c78b588b2e1f7c4a86ca4a985cf6e4a	120	GameObject	Text	77344
7c78b588b2e1f7c4a86ca4a985cf6e4a	121	GameObject	Checkmark	77344
7c78b588b2e1f7c4a86ca4a985cf6e4a	122	GameObject	Toggle	77344
7c78b588b2e1f7c4a86ca4a985cf6e4a	123	GameObject	Checkmark	77344
7c78b588b2e1f7c4a86ca4a985cf6e4a	124	GameObject	Toggle	77344
7c78b588b2e1f7c4a86ca4a985cf6e4a	125	GameObject	Background	77344
7c78b588b2e1f7c4a86ca4a985cf6e4a	126	GameObject	Background	77344
7c78b588b2e1f7c4a86ca4a985cf6e4a	127	GameObject	DebugUI Toggle 10	77344
7c78b588b2e1f7c4a86ca4a985cf6e4a	128	GameObject	DebugUI Toggle 16	77344
7c78b588b2e1f7c4a86ca4a985cf6e4a	129	GameObject	Toggle	77344
7c78b588b2e1f7c4a86ca4a985cf6e4a	130	GameObject	DebugUI Toggle 7	77344
7c78b588b2e1f7c4a86ca4a985cf6e4a	131	GameObject	Toggle	77344
7c78b588b2e1f7c4a86ca4a985cf6e4a	132	GameObject	Background	77344
7c78b588b2e1f7c4a86ca4a985cf6e4a	133	GameObject	Background	77344
7c78b588b2e1f7c4a86ca4a985cf6e4a	134	GameObject	DebugUI Toggle 23	77344
7c78b588b2e1f7c4a86ca4a985cf6e4a	135	GameObject	Background	77344
7c78b588b2e1f7c4a86ca4a985cf6e4a	136	GameObject	Toggle	77344
7c78b588b2e1f7c4a86ca4a985cf6e4a	137	GameObject	Background	77344
7c78b588b2e1f7c4a86ca4a985cf6e4a	138	GameObject	Text	77344
7c78b588b2e1f7c4a86ca4a985cf6e4a	139	GameObject	DebugUI Toggle 5	77344
7c78b588b2e1f7c4a86ca4a985cf6e4a	140	GameObject	Background	77344
7c78b588b2e1f7c4a86ca4a985cf6e4a	141	GameObject	DebugUI Toggle 20	77344
7c78b588b2e1f7c4a86ca4a985cf6e4a	142	GameObject	DebugUI Toggle 31	77344
7c78b588b2e1f7c4a86ca4a985cf6e4a	143	GameObject	Checkmark	77344
7c78b588b2e1f7c4a86ca4a985cf6e4a	144	GameObject	DebugUI Toggle 12	77344
7c78b588b2e1f7c4a86ca4a985cf6e4a	145	GameObject	Checkmark	77344
7c78b588b2e1f7c4a86ca4a985cf6e4a	146	GameObject	Toggle	77344
7c78b588b2e1f7c4a86ca4a985cf6e4a	147	GameObject	Toggle	77344
7c78b588b2e1f7c4a86ca4a985cf6e4a	148	GameObject	DebugUI Toggle 19	77344
7c78b588b2e1f7c4a86ca4a985cf6e4a	149	GameObject	DebugUI Toggle 14	77344
7c78b588b2e1f7c4a86ca4a985cf6e4a	150	GameObject	Background	77344
7c78b588b2e1f7c4a86ca4a985cf6e4a	151	GameObject	Text	77344
7c78b588b2e1f7c4a86ca4a985cf6e4a	152	GameObject	Toggle	77344
7c78b588b2e1f7c4a86ca4a985cf6e4a	153	GameObject	Toggle	77344
7c78b588b2e1f7c4a86ca4a985cf6e4a	154	GameObject	Text	77344
7c78b588b2e1f7c4a86ca4a985cf6e4a	155	GameObject	Checkmark	77344
7c78b588b2e1f7c4a86ca4a985cf6e4a	156	GameObject	DebugUI Toggle 29	77344
7c78b588b2e1f7c4a86ca4a985cf6e4a	157	GameObject	Text	77344
7c78b588b2e1f7c4a86ca4a985cf6e4a	158	GameObject	Checkmark	77344
7c78b588b2e1f7c4a86ca4a985cf6e4a	159	GameObject	Text	77344
7c78b588b2e1f7c4a86ca4a985cf6e4a	160	GameObject	Toggle	77344
7c78b588b2e1f7c4a86ca4a985cf6e4a	161	GameObject	Checkmark	77344
7c78b588b2e1f7c4a86ca4a985cf6e4a	162	GameObject	Text	77344
7c78b588b2e1f7c4a86ca4a985cf6e4a	163	GameObject	DebugUI Toggle 2	77344
7c78b588b2e1f7c4a86ca4a985cf6e4a	164	GameObject	Background	77344
7c78b588b2e1f7c4a86ca4a985cf6e4a	165	GameObject	Background	77344
7c78b588b2e1f7c4a86ca4a985cf6e4a	166	GameObject	Text	77344
7d9d48635ac08c74db1b89d35ec07fb5	1	Material	Font Material	93534
7d9d48635ac08c74db1b89d35ec07fb5	2	Texture2D	Font Texture	93534
7e204ad7acacd564b840fcb673487024	1	Texture2D	AccountSettings_Icon_Standard	377812
7e204ad7acacd564b840fcb673487024	2	Sprite	AccountSettings_Icon_Standard	377812
7ec729b030239c74cae5827ce984b246	1	Texture2D	indicator54	37136
7ec729b030239c74cae5827ce984b246	2	Sprite	indicator54	37136
7eee8fbce9ef2d14f87851cabb1fcd77	1	GameObject	Label_Locale	22320
7eee8fbce9ef2d14f87851cabb1fcd77	2	GameObject	BG (1)	22320
7eee8fbce9ef2d14f87851cabb1fcd77	3	GameObject	Label_Title	22320
7eee8fbce9ef2d14f87851cabb1fcd77	4	GameObject	Label	22320
7eee8fbce9ef2d14f87851cabb1fcd77	5	GameObject	Label	22320
7eee8fbce9ef2d14f87851cabb1fcd77	6	GameObject	Stroke	22320
7eee8fbce9ef2d14f87851cabb1fcd77	7	GameObject	Texture	22320
7eee8fbce9ef2d14f87851cabb1fcd77	8	GameObject	Construction	22320
7eee8fbce9ef2d14f87851cabb1fcd77	9	GameObject	Key	22320
7eee8fbce9ef2d14f87851cabb1fcd77	10	GameObject	Line	22320
7eee8fbce9ef2d14f87851cabb1fcd77	11	GameObject	BlockEntry	22320
7eee8fbce9ef2d14f87851cabb1fcd77	12	GameObject	Dim	22320
7eee8fbce9ef2d14f87851cabb1fcd77	13	GameObject	BlackBg	22320
7eee8fbce9ef2d14f87851cabb1fcd77	14	GameObject	Btn_Close	22320
7eee8fbce9ef2d14f87851cabb1fcd77	15	GameObject	UIKeyboardShortcut_convert	22320
7eee8fbce9ef2d14f87851cabb1fcd77	16	GameObject	BlackBgClickArea	22320
7eee8fbce9ef2d14f87851cabb1fcd77	17	GameObject	BG	22320
7eee8fbce9ef2d14f87851cabb1fcd77	18	GameObject	Label	22320
7eee8fbce9ef2d14f87851cabb1fcd77	19	GameObject	Bg	22320
7eee8fbce9ef2d14f87851cabb1fcd77	20	GameObject	Center	22320
7eee8fbce9ef2d14f87851cabb1fcd77	21	GameObject	Popup	22320
7eee8fbce9ef2d14f87851cabb1fcd77	22	GameObject	BlackBgNoneClickArea	22320
7eee8fbce9ef2d14f87851cabb1fcd77	23	GameObject	Texture (1)	22320
7eee8fbce9ef2d14f87851cabb1fcd77	24	GameObject	Type_01	22320
7eee8fbce9ef2d14f87851cabb1fcd77	25	GameObject	Key	22320
7eee8fbce9ef2d14f87851cabb1fcd77	26	GameObject	UIPCPopup_System	22320
7eee8fbce9ef2d14f87851cabb1fcd77	27	GameObject	Pt (1)	22320
7eee8fbce9ef2d14f87851cabb1fcd77	28	GameObject	Label	22320
7eee8fbce9ef2d14f87851cabb1fcd77	29	GameObject	Label_Massage	22320
7eee8fbce9ef2d14f87851cabb1fcd77	30	GameObject	Btn_2	22320
7eee8fbce9ef2d14f87851cabb1fcd77	31	GameObject	Label	22320
7eee8fbce9ef2d14f87851cabb1fcd77	32	GameObject	BG	22320
7eee8fbce9ef2d14f87851cabb1fcd77	33	GameObject	Bg	22320
7eee8fbce9ef2d14f87851cabb1fcd77	34	GameObject	Base	22320
7eee8fbce9ef2d14f87851cabb1fcd77	35	GameObject	Btn_Cancel	22320
7eee8fbce9ef2d14f87851cabb1fcd77	36	GameObject	Btn_1	22320
7eee8fbce9ef2d14f87851cabb1fcd77	37	GameObject	Label	22320
7eee8fbce9ef2d14f87851cabb1fcd77	38	GameObject	Btn_Disable	22320
7eee8fbce9ef2d14f87851cabb1fcd77	39	GameObject	BG	22320
7eee8fbce9ef2d14f87851cabb1fcd77	40	GameObject	Pt	22320
7eee8fbce9ef2d14f87851cabb1fcd77	41	GameObject	Dim	22320
7eee8fbce9ef2d14f87851cabb1fcd77	42	GameObject	Pt	22320
7eee8fbce9ef2d14f87851cabb1fcd77	43	GameObject	BG	22320
7eee8fbce9ef2d14f87851cabb1fcd77	44	GameObject	Stroke	22320
7eee8fbce9ef2d14f87851cabb1fcd77	45	GameObject	BG (1)	22320
7eee8fbce9ef2d14f87851cabb1fcd77	46	GameObject	Btn_Ok	22320
7eee8fbce9ef2d14f87851cabb1fcd77	47	GameObject	UIKeyboardShortcut_convert	22320
7eee8fbce9ef2d14f87851cabb1fcd77	48	GameObject	Pt (1)	22320
7ef822bc47c31a8449cf5d16388182f7	1	Texture2D	icon_unchecked_hover	5272
7ef822bc47c31a8449cf5d16388182f7	2	Sprite	icon_unchecked_hover	5272
7f72f27fc1bbef541a3083068ac87cd8	1	Texture2D	n_icon	5604
7f7c0f6b37eefb14286319d0f026fff5	1	Texture2D	Knob	5600
807770fb137b5c54fa3e43eca4a94f5c	1	Texture2D	indicator29	37348
807770fb137b5c54fa3e43eca4a94f5c	2	Sprite	indicator29	37348
80acac6781fe8db4a93b80d0dd8dbf7f	1	Texture2D	terms_disagreement	4920
8113102a53d580e4983654afcf87d9af	1	GameObject	Window	8068
8113102a53d580e4983654afcf87d9af	2	GameObject	BackButton	8068
8113102a53d580e4983654afcf87d9af	3	GameObject	NXPAdInformationView	8068
8113102a53d580e4983654afcf87d9af	4	GameObject	Separator	8068
8113102a53d580e4983654afcf87d9af	5	GameObject	Contents	8068
8113102a53d580e4983654afcf87d9af	6	GameObject	Overlay	8068
8113102a53d580e4983654afcf87d9af	7	GameObject	CloseButton	8068
8113102a53d580e4983654afcf87d9af	8	GameObject	Header	8068
8113102a53d580e4983654afcf87d9af	9	GameObject	Title	8068
815cf77cd0d7a1e4884a4bea67365498	1	Texture2D	icon_unchecked_press	5096
815cf77cd0d7a1e4884a4bea67365498	2	Sprite	icon_unchecked_press	5096
8182b53c39ae46243a56c39501ce5137	1	GameObject	NXPPlateItem	5968
8182b53c39ae46243a56c39501ce5137	2	GameObject	PlateItemLayout	5968
8182b53c39ae46243a56c39501ce5137	3	GameObject	PlateItemIcon	5968
8182b53c39ae46243a56c39501ce5137	4	GameObject	PlateItemTitle	5968
81894933336b847d083ebefacb2b7185	1	TextAsset	GameMainConfig	4616
81a72d3c4aa137f45b877ac8ad636995	1	AnimationClip	UIAni_Campaign_SkipResult_Victory_Scenario	7352
825feac3f4e30144faf273084a8eb78f	1	Texture2D	indicator26	37348
825feac3f4e30144faf273084a8eb78f	2	Sprite	indicator26	37348
82676fdb96e563d41949dfacfc1833d5	1	Texture2D	icon_hover_27	6828
82676fdb96e563d41949dfacfc1833d5	2	Sprite	icon_hover_27	6828
84350f2de792d5b4c9be1ebc5e1c0d58	1	Texture2D	Image_Glow_Bg	44220
84c111910bac77048bc0131f70490f12	1	Texture2D	Campaign_Imgfont_Victory	16004
85b19bcc3a324b04aaebbacd40af5a4c	1	GameObject	Address	37456
85b19bcc3a324b04aaebbacd40af5a4c	2	GameObject	AccountId	37456
85b19bcc3a324b04aaebbacd40af5a4c	3	GameObject	Close	37456
85b19bcc3a324b04aaebbacd40af5a4c	4	GameObject	Label_Fps (1)	37456
85b19bcc3a324b04aaebbacd40af5a4c	5	GameObject	UI	37456
85b19bcc3a324b04aaebbacd40af5a4c	6	GameObject	BG	37456
85b19bcc3a324b04aaebbacd40af5a4c	7	GameObject	Unload	37456
85b19bcc3a324b04aaebbacd40af5a4c	8	GameObject	Label_otalUnusedReservedMemory	37456
85b19bcc3a324b04aaebbacd40af5a4c	9	GameObject	Label_Max	37456
85b19bcc3a324b04aaebbacd40af5a4c	10	GameObject	FullWindow	37456
85b19bcc3a324b04aaebbacd40af5a4c	11	GameObject	Label_Server_Id	37456
85b19bcc3a324b04aaebbacd40af5a4c	12	GameObject	Label_Input Limit Maximum Frame	37456
85b19bcc3a324b04aaebbacd40af5a4c	13	GameObject	Label_Fps	37456
85b19bcc3a324b04aaebbacd40af5a4c	14	GameObject	Label_SysMemory	37456
85b19bcc3a324b04aaebbacd40af5a4c	15	GameObject	Label_ScreenResolutionTitle	37456
85b19bcc3a324b04aaebbacd40af5a4c	16	GameObject	Label_CustomInput	37456
85b19bcc3a324b04aaebbacd40af5a4c	17	GameObject	Label_Fps	37456
85b19bcc3a324b04aaebbacd40af5a4c	18	GameObject	Input_Field	37456
85b19bcc3a324b04aaebbacd40af5a4c	19	GameObject	Label_Total_Reserved_Memory	37456
85b19bcc3a324b04aaebbacd40af5a4c	20	GameObject	Label_Fps (1)	37456
85b19bcc3a324b04aaebbacd40af5a4c	21	GameObject	RenderScale	37456
85b19bcc3a324b04aaebbacd40af5a4c	22	GameObject	Ok	37456
85b19bcc3a324b04aaebbacd40af5a4c	23	GameObject	Memory	37456
85b19bcc3a324b04aaebbacd40af5a4c	24	GameObject	Label	37456
85b19bcc3a324b04aaebbacd40af5a4c	25	GameObject	Label_Fps (1)	37456
85b19bcc3a324b04aaebbacd40af5a4c	26	GameObject	Label_Min	37456
85b19bcc3a324b04aaebbacd40af5a4c	27	GameObject	Label_Total_Allocated_Memory	37456
85b19bcc3a324b04aaebbacd40af5a4c	28	GameObject	Label_ScreenResolution	37456
85b19bcc3a324b04aaebbacd40af5a4c	29	GameObject	Time	37456
85b19bcc3a324b04aaebbacd40af5a4c	30	GameObject	Label_Ok	37456
85b19bcc3a324b04aaebbacd40af5a4c	31	GameObject	Label_Allocated Memory For Graphics Driver	37456
85b19bcc3a324b04aaebbacd40af5a4c	32	GameObject	Input_Field	37456
85b19bcc3a324b04aaebbacd40af5a4c	33	GameObject	Label_Input RenderScasle	37456
85b19bcc3a324b04aaebbacd40af5a4c	34	GameObject	Label_TotalReservedMemory	37456
85b19bcc3a324b04aaebbacd40af5a4c	35	GameObject	Label_TotalAllocatedMemory	37456
85b19bcc3a324b04aaebbacd40af5a4c	36	GameObject	TimeLabel	37456
85b19bcc3a324b04aaebbacd40af5a4c	37	GameObject	Label_MonoUseMemory	37456
85b19bcc3a324b04aaebbacd40af5a4c	38	GameObject	FpsTitle	37456
85b19bcc3a324b04aaebbacd40af5a4c	39	GameObject	Label	37456
85b19bcc3a324b04aaebbacd40af5a4c	40	GameObject	MiniWindow	37456
85b19bcc3a324b04aaebbacd40af5a4c	41	GameObject	Input Limit Maximum Frame (1)	37456
85b19bcc3a324b04aaebbacd40af5a4c	42	GameObject	Label_MonoHeapSizeMemory	37456
85b19bcc3a324b04aaebbacd40af5a4c	43	GameObject	Btn	37456
85b19bcc3a324b04aaebbacd40af5a4c	44	GameObject	Label_Fps (2)	37456
85b19bcc3a324b04aaebbacd40af5a4c	45	GameObject	Label_Fps (1)	37456
85b19bcc3a324b04aaebbacd40af5a4c	46	GameObject	Reset	37456
85b19bcc3a324b04aaebbacd40af5a4c	47	GameObject	Label_Ok	37456
85b19bcc3a324b04aaebbacd40af5a4c	48	GameObject	ConnectionGroup	37456
85b19bcc3a324b04aaebbacd40af5a4c	49	GameObject	Ping	37456
85b19bcc3a324b04aaebbacd40af5a4c	50	GameObject	GC	37456
85b19bcc3a324b04aaebbacd40af5a4c	51	GameObject	Label_Average	37456
85b19bcc3a324b04aaebbacd40af5a4c	52	GameObject	UIShowFPS	37456
85b19bcc3a324b04aaebbacd40af5a4c	53	GameObject	Input Limit Maximum Frame	37456
85b19bcc3a324b04aaebbacd40af5a4c	54	GameObject	Ok	37456
85b19bcc3a324b04aaebbacd40af5a4c	55	GameObject	Label_CustomInput	37456
85b19bcc3a324b04aaebbacd40af5a4c	56	GameObject	BG	37456
85b19bcc3a324b04aaebbacd40af5a4c	57	GameObject	Label_Graphics_Memory	37456
85b19bcc3a324b04aaebbacd40af5a4c	58	GameObject	WindowSize	37456
8609aa03e9e4bfe45bbde003526a5212	1	Texture2D	Tutorial_Arrow	10268
8649884a1bca8664b951d87b1511c05e	1	GameObject	Contents	10656
8649884a1bca8664b951d87b1511c05e	2	GameObject	NXPOpenApiPolicyView	10656
8649884a1bca8664b951d87b1511c05e	3	GameObject	ActiveToggle	10656
8649884a1bca8664b951d87b1511c05e	4	GameObject	TitleLayout	10656
8649884a1bca8664b951d87b1511c05e	5	GameObject	CloseButton	10656
8649884a1bca8664b951d87b1511c05e	6	GameObject	Header	10656
8649884a1bca8664b951d87b1511c05e	7	GameObject	Title	10656
8649884a1bca8664b951d87b1511c05e	8	GameObject	Separator	10656
8649884a1bca8664b951d87b1511c05e	9	GameObject	BackButton	10656
8649884a1bca8664b951d87b1511c05e	10	GameObject	Selected	10656
8649884a1bca8664b951d87b1511c05e	11	GameObject	Overlay	10656
8649884a1bca8664b951d87b1511c05e	12	GameObject	ButtonName	10656
8649884a1bca8664b951d87b1511c05e	13	GameObject	Background	10656
8649884a1bca8664b951d87b1511c05e	14	GameObject	Window	10656
8649884a1bca8664b951d87b1511c05e	15	GameObject	VerticalSeparator	10656
8649932cacd87664a94370136c795502	1	AnimationClip	UIAni_PCPopup_System	7004
86518791a0ca7104ca6020f4881bbb37	1	Texture2D	icon_hover_26	6324
86518791a0ca7104ca6020f4881bbb37	2	Sprite	icon_hover_26	6324
86c0227a55396ee40837fa5c91aa7fee	1	Texture2D	icon_hover_24	6948
86c0227a55396ee40837fa5c91aa7fee	2	Sprite	icon_hover_24	6948
870b8850aa32453439a143276149bd3e	1	GameObject	PlateItems	9184
870b8850aa32453439a143276149bd3e	2	GameObject	Overlay	9184
870b8850aa32453439a143276149bd3e	3	GameObject	CloseButton	9184
870b8850aa32453439a143276149bd3e	4	GameObject	Header	9184
870b8850aa32453439a143276149bd3e	5	GameObject	Title	9184
870b8850aa32453439a143276149bd3e	6	GameObject	Window	9184
870b8850aa32453439a143276149bd3e	7	GameObject	Viewport	9184
870b8850aa32453439a143276149bd3e	8	GameObject	Contents	9184
870b8850aa32453439a143276149bd3e	9	GameObject	NXPPlateView	9184
870b8850aa32453439a143276149bd3e	10	GameObject	BackButton	9184
870b8850aa32453439a143276149bd3e	11	GameObject	Separator	9184
870b8850aa32453439a143276149bd3e	12	GameObject	ScrollView	9184
883ba064f0c0aeb46b2b0a43f522aedc	1	GameObject	Text	9804
883ba064f0c0aeb46b2b0a43f522aedc	2	GameObject	VariableName	9804
883ba064f0c0aeb46b2b0a43f522aedc	3	GameObject	YInputField	9804
883ba064f0c0aeb46b2b0a43f522aedc	4	GameObject	YLabel	9804
883ba064f0c0aeb46b2b0a43f522aedc	5	GameObject	Vector3Field	9804
883ba064f0c0aeb46b2b0a43f522aedc	6	GameObject	VariableNameMask	9804
883ba064f0c0aeb46b2b0a43f522aedc	7	GameObject	Text	9804
883ba064f0c0aeb46b2b0a43f522aedc	8	GameObject	ZInputField	9804
883ba064f0c0aeb46b2b0a43f522aedc	9	GameObject	XInputField	9804
883ba064f0c0aeb46b2b0a43f522aedc	10	GameObject	ZLabel	9804
883ba064f0c0aeb46b2b0a43f522aedc	11	GameObject	XLabel	9804
883ba064f0c0aeb46b2b0a43f522aedc	12	GameObject	Text	9804
885b7a2960370014887d49d4f8c3e358	1	Texture2D	icon arrow up_white_hover_03	9336
885b7a2960370014887d49d4f8c3e358	2	Sprite	icon arrow up_white_hover_03	9336
8891f0b2a7d41a24da87682a5fa926c3	1	AnimationClip	UIAni_Toast_Notice_Center_Close	6692
88b01fc0a1dcca74b93c370efca7b82b	1	Texture2D	icon_hover_20	6416
88b01fc0a1dcca74b93c370efca7b82b	2	Sprite	icon_hover_20	6416
894e271a7dd5a2c4783d3941f327627c	1	GameObject	Scrollbar	10232
894e271a7dd5a2c4783d3941f327627c	2	GameObject	EnumField	10232
894e271a7dd5a2c4783d3941f327627c	3	GameObject	Item	10232
894e271a7dd5a2c4783d3941f327627c	4	GameObject	Arrow	10232
894e271a7dd5a2c4783d3941f327627c	5	GameObject	Content	10232
894e271a7dd5a2c4783d3941f327627c	6	GameObject	Viewport	10232
894e271a7dd5a2c4783d3941f327627c	7	GameObject	Item Checkmark	10232
894e271a7dd5a2c4783d3941f327627c	8	GameObject	Sliding Area	10232
894e271a7dd5a2c4783d3941f327627c	9	GameObject	VariableName	10232
894e271a7dd5a2c4783d3941f327627c	10	GameObject	Label	10232
894e271a7dd5a2c4783d3941f327627c	11	GameObject	Template	10232
894e271a7dd5a2c4783d3941f327627c	12	GameObject	Item Label	10232
894e271a7dd5a2c4783d3941f327627c	13	GameObject	VariableNameMask	10232
894e271a7dd5a2c4783d3941f327627c	14	GameObject	Handle	10232
894e271a7dd5a2c4783d3941f327627c	15	GameObject	Dropdown	10232
894e271a7dd5a2c4783d3941f327627c	16	GameObject	Item Background	10232
8b2332a10bd42a04ab2b82305ad28a3c	1	Material	GrayScale	4948
8c2970634ec429e4aae1a250ba840eb0	1	GameObject	NXPAdInformationItem	6696
8c2970634ec429e4aae1a250ba840eb0	2	GameObject	Title	6696
8c2970634ec429e4aae1a250ba840eb0	3	GameObject	VerticalSeparator	6696
8c2970634ec429e4aae1a250ba840eb0	4	GameObject	ActiveToggle	6696
8c2970634ec429e4aae1a250ba840eb0	5	GameObject	Selected	6696
8c2970634ec429e4aae1a250ba840eb0	6	GameObject	HorizontalSeparator	6696
8c2970634ec429e4aae1a250ba840eb0	7	GameObject	Background	6696
8c4f7fe3fa0072c4abbb7397d7593158	1	GameObject	ReferenceName	5436
8c4f7fe3fa0072c4abbb7397d7593158	2	GameObject	DraggedReferenceItem	5436
8c4f7fe3fa0072c4abbb7397d7593158	3	GameObject	Background	5436
8cab56673ea917b4ab7a38f321d0e44c	1	Texture2D	icon_sexuality_72	46372
8cab56673ea917b4ab7a38f321d0e44c	2	Sprite	icon_sexuality_72	46372
8deff488a70dc674e8135b829e632962	1	TextAsset	values-pl	53064
8e1c9d9ff3099ab4cb6ab0ff3d6de05b	1	Texture2D	icon_question	5404
8e1c9d9ff3099ab4cb6ab0ff3d6de05b	2	Sprite	icon_question	5404
8e4e3516d45a81844b7e3c4aa0acee50	1	Texture2D	icon_default_26	6324
8e4e3516d45a81844b7e3c4aa0acee50	2	Sprite	icon_default_26	6324
8e5013b73eebacb46bc9a956f6c077bc	1	Texture2D	indicator38	37348
8e5013b73eebacb46bc9a956f6c077bc	2	Sprite	indicator38	37348
8f057d2e685bedf458d7a0e540d00c25	1	Texture2D	common_titlebar_close_normal_gray	7904
8f057d2e685bedf458d7a0e540d00c25	2	Sprite	common_titlebar_close_normal_gray	7904
8f586378b4e144a9851e7b34d9b748ee	1	Material	LiberationSans SDF Material	1082532
8f586378b4e144a9851e7b34d9b748ee	2	Texture2D	LiberationSans SDF Atlas	1082532
9050baab725cd3140a0572d7bd8b34b8	1	Texture2D	MultiFloorRaid_LobbyImg_00001	560748
90bbe146024c63b428477ef95602dcae	1	Texture2D	icon_language_72	46308
90bbe146024c63b428477ef95602dcae	2	Sprite	icon_language_72	46308
90c7263740d4495da6840dbac2638730	1	GameObject	NXPQRView	7196
90c7263740d4495da6840dbac2638730	2	GameObject	Overlay	7196
90c7263740d4495da6840dbac2638730	3	GameObject	Card	7196
90c7263740d4495da6840dbac2638730	4	GameObject	TitleText	7196
90c7263740d4495da6840dbac2638730	5	GameObject	QRImage	7196
90c7263740d4495da6840dbac2638730	6	GameObject	CloseButton	7196
90c7263740d4495da6840dbac2638730	7	GameObject	Text	7196
9127a91892a31224d8d545689ecaed3d	1	Texture2D	icon_default_16	6292
9127a91892a31224d8d545689ecaed3d	2	Sprite	icon_default_16	6292
912840333c7a9144d86c7f013eaf2a2c	1	Texture2D	indicator39	37232
912840333c7a9144d86c7f013eaf2a2c	2	Sprite	indicator39	37232
92cba6f29dcfd514db51bdc574951d0b	1	Texture2D	@ popup btn close	9360
92cba6f29dcfd514db51bdc574951d0b	2	Sprite	@ popup btn close	9360
92d94886310fd8940b02734e0a6b9b54	1	Texture2D	icon_default_24	6948
92d94886310fd8940b02734e0a6b9b54	2	Sprite	icon_default_24	6948
92e38d0931784274184ae21b77e2277b	1	Mesh	FX_MESH_Chocolatecafe_Emotion_02	5556
93e343b86a0699142b7c78e89d443ae3	1	TextAsset	values-de	69220
93f152ed7bd4ccb43b8beca485422a3c	1	Texture2D	icon arrow up 03	9436
93f152ed7bd4ccb43b8beca485422a3c	2	Sprite	icon arrow up 03	9436
94668eae13aa2714bb87c963bbd6cadc	1	Texture2D	icon_hover_28	6176
94668eae13aa2714bb87c963bbd6cadc	2	Sprite	icon_hover_28	6176
94afea5f242d72547979595ba963f335	1	GameObject	Text	9572
94afea5f242d72547979595ba963f335	2	GameObject	Float	9572
94afea5f242d72547979595ba963f335	3	GameObject	Arrow Closed	9572
94afea5f242d72547979595ba963f335	4	GameObject	Float	9572
94afea5f242d72547979595ba963f335	5	GameObject	Arrow Opened	9572
94afea5f242d72547979595ba963f335	6	GameObject	Header	9572
94afea5f242d72547979595ba963f335	7	GameObject	Text	9572
94afea5f242d72547979595ba963f335	8	GameObject	DebugUIVector3	9572
94afea5f242d72547979595ba963f335	9	GameObject	Y	9572
94afea5f242d72547979595ba963f335	10	GameObject	Content	9572
94afea5f242d72547979595ba963f335	11	GameObject	X	9572
94afea5f242d72547979595ba963f335	12	GameObject	Text	9572
94afea5f242d72547979595ba963f335	13	GameObject	Text	9572
94afea5f242d72547979595ba963f335	14	GameObject	Z	9572
94afea5f242d72547979595ba963f335	15	GameObject	Float	9572
958700aa8689b3a468d9c47815e44cb1	1	Texture2D	profile_on	9704
965746f2d1e21b4419b29d30a3d3946c	1	Texture2D	home_on	9700
9684c51a406a809438d7cabed91dc30e	1	Texture2D	common_titlebar_close_normal	9720
96db381dbb9dc8241b3fc6911a8a5100	1	Texture2D	icon_logo_nexon	46500
96db381dbb9dc8241b3fc6911a8a5100	2	Sprite	icon_logo_nexon	46500
9782d12a8dd5d17498d5d86a3a6f3dc1	1	GameObject	ConfirmButton	20568
9782d12a8dd5d17498d5d86a3a6f3dc1	2	GameObject	BorderLine	20568
9782d12a8dd5d17498d5d86a3a6f3dc1	3	GameObject	TotalPriceText	20568
9782d12a8dd5d17498d5d86a3a6f3dc1	4	GameObject	BorderLine	20568
9782d12a8dd5d17498d5d86a3a6f3dc1	5	GameObject	Viewport	20568
9782d12a8dd5d17498d5d86a3a6f3dc1	6	GameObject	Handle	20568
9782d12a8dd5d17498d5d86a3a6f3dc1	7	GameObject	Window	20568
9782d12a8dd5d17498d5d86a3a6f3dc1	8	GameObject	CloseButton	20568
9782d12a8dd5d17498d5d86a3a6f3dc1	9	GameObject	Sliding Area	20568
9782d12a8dd5d17498d5d86a3a6f3dc1	10	GameObject	TermsContents	20568
9782d12a8dd5d17498d5d86a3a6f3dc1	11	GameObject	ScrollbarVertical	20568
9782d12a8dd5d17498d5d86a3a6f3dc1	12	GameObject	TermsList	20568
9782d12a8dd5d17498d5d86a3a6f3dc1	13	GameObject	ConfirmText	20568
9782d12a8dd5d17498d5d86a3a6f3dc1	14	GameObject	Handle	20568
9782d12a8dd5d17498d5d86a3a6f3dc1	15	GameObject	ScrollView	20568
9782d12a8dd5d17498d5d86a3a6f3dc1	16	GameObject	Sliding Area	20568
9782d12a8dd5d17498d5d86a3a6f3dc1	17	GameObject	Border	20568
9782d12a8dd5d17498d5d86a3a6f3dc1	18	GameObject	TotalPrice	20568
9782d12a8dd5d17498d5d86a3a6f3dc1	19	GameObject	Viewport	20568
9782d12a8dd5d17498d5d86a3a6f3dc1	20	GameObject	Contents	20568
9782d12a8dd5d17498d5d86a3a6f3dc1	21	GameObject	ItemInfoTitle	20568
9782d12a8dd5d17498d5d86a3a6f3dc1	22	GameObject	Overlay	20568
9782d12a8dd5d17498d5d86a3a6f3dc1	23	GameObject	Item	20568
9782d12a8dd5d17498d5d86a3a6f3dc1	24	GameObject	TermsListTitle	20568
9782d12a8dd5d17498d5d86a3a6f3dc1	25	GameObject	ItemInfo	20568
9782d12a8dd5d17498d5d86a3a6f3dc1	26	GameObject	Header	20568
9782d12a8dd5d17498d5d86a3a6f3dc1	27	GameObject	ScrollView	20568
9782d12a8dd5d17498d5d86a3a6f3dc1	28	GameObject	ScrollbarVertical	20568
9782d12a8dd5d17498d5d86a3a6f3dc1	29	GameObject	Bottom	20568
9782d12a8dd5d17498d5d86a3a6f3dc1	30	GameObject	NXPSettlementFundItemView	20568
9782d12a8dd5d17498d5d86a3a6f3dc1	31	GameObject	Terms	20568
9782d12a8dd5d17498d5d86a3a6f3dc1	32	GameObject	ItemInfos	20568
9782d12a8dd5d17498d5d86a3a6f3dc1	33	GameObject	ItemContents	20568
9782d12a8dd5d17498d5d86a3a6f3dc1	34	GameObject	ItemTotalPrice	20568
9782d12a8dd5d17498d5d86a3a6f3dc1	35	GameObject	ItemInfos	20568
9782d12a8dd5d17498d5d86a3a6f3dc1	36	GameObject	Title	20568
97910363579a8d54dbcbc1de45ab10ba	1	Material	Font Material	5947126
97910363579a8d54dbcbc1de45ab10ba	2	Texture2D	Font Texture	5947126
97d2e6ff56f4e8148a2c0c88e8455e15	1	GameObject	Text	7152
97d2e6ff56f4e8148a2c0c88e8455e15	2	GameObject	TransformField	7152
97d2e6ff56f4e8148a2c0c88e8455e15	3	GameObject	Objects	7152
97d2e6ff56f4e8148a2c0c88e8455e15	4	GameObject	VariableName	7152
97d2e6ff56f4e8148a2c0c88e8455e15	5	GameObject	ExpandToggle	7152
97d2e6ff56f4e8148a2c0c88e8455e15	6	GameObject	InitializeButton	7152
97d2e6ff56f4e8148a2c0c88e8455e15	7	GameObject	ExpandArrow	7152
9806d7532e2429941a63002667414cbb	1	GameObject	Mostarers	5636
9806d7532e2429941a63002667414cbb	2	GameObject	Plane	5636
9806d7532e2429941a63002667414cbb	3	GameObject	Tiles	5636
9806d7532e2429941a63002667414cbb	4	GameObject	DefaultMap	5636
9806d7532e2429941a63002667414cbb	5	GameObject	RoadPuzzle_846_Plane_BG	5636
9806d7532e2429941a63002667414cbb	6	GameObject	RoadPuzzle_846_Plane_BG	5636
9806d7532e2429941a63002667414cbb	7	GameObject	EventParent	5636
981bb96d430db2c489cfe1187685b0c9	1	Material	NGUIBlur	4948
98406ba2c3594a043aeb031438d0dd66	1	Material	Transition	4872
985d4a487913aa64ba351143354ef973	1	Texture2D	icon_default_15	6320
985d4a487913aa64ba351143354ef973	2	Sprite	icon_default_15	6320
988db55689193434fb0b3b89538f978f	1	GameObject	DebugUIEnumField	6824
988db55689193434fb0b3b89538f978f	2	GameObject	Text	6824
988db55689193434fb0b3b89538f978f	3	GameObject	Value	6824
988db55689193434fb0b3b89538f978f	4	GameObject	Panel	6824
988db55689193434fb0b3b89538f978f	5	GameObject	Increment	6824
988db55689193434fb0b3b89538f978f	6	GameObject	Decrement	6824
9943a12044a49a24eb2f6dca88b34691	1	TextAsset	DefaultGraphicsSettings	5568
99adf1116d839464fb340589b30688b8	1	Texture2D	scroll_bar_dark	5492
99adf1116d839464fb340589b30688b8	2	Sprite	scroll_bar_dark	5492
99ea74b678514744894465a6f7c827d0	1	Texture2D	indicator49	37176
99ea74b678514744894465a6f7c827d0	2	Sprite	indicator49	37176
9a585e99573408748b4592d01a5c1aed	1	Texture2D	icon_hover_10	6120
9a585e99573408748b4592d01a5c1aed	2	Sprite	icon_hover_10	6120
9a704f37893b52a47857998dbe654d44	1	Material	FX_MAT_Touch_Tri3	4528
9b0ec94da09632a46bb14a64a32c4f65	1	Texture2D	MultiFloorRaid_Minimap_00003	35784
9b53a2517f3e0d1449b509c5a73a5e20	1	Texture2D	indicator24	37396
9b53a2517f3e0d1449b509c5a73a5e20	2	Sprite	indicator24	37396
9bc57876eba986c418fa726ae8f688a8	1	Texture2D	popup_btn_close_white_01	9372
9bc57876eba986c418fa726ae8f688a8	2	Sprite	popup_btn_close_white_01	9372
9bff05642007cba4b82f7a76e30be49a	1	Texture2D	FX_TEX_Gra_W_01	11964
9d8c7cebae4a9f843b662c73f4dc5b85	1	Texture2D	SliderBg	6756
9d8c7cebae4a9f843b662c73f4dc5b85	2	Sprite	SliderBg	6756
9e23c58c3416e6141bbf0c99dde4a3f9	1	Mesh	Cylinder002	11512
9ee1c509965936b4dbeccf8d179c9047	1	GameObject	FX_Battle_End	103552
9ee1c509965936b4dbeccf8d179c9047	2	GameObject	Burst_Smoke_Part Mid	103552
9ee1c509965936b4dbeccf8d179c9047	3	GameObject	Burst_Smoke_ing Mid	103552
9ee1c509965936b4dbeccf8d179c9047	4	GameObject	Burst_Smoke_ing Outline	103552
9ee1c509965936b4dbeccf8d179c9047	5	GameObject	Starz (1)	103552
9ee1c509965936b4dbeccf8d179c9047	6	GameObject	Burst_Smoke_ing Top	103552
9ee1c509965936b4dbeccf8d179c9047	7	GameObject	Burst_Smoke_ing Bottom	103552
9ee1c509965936b4dbeccf8d179c9047	8	GameObject	Burst_Smoke_Part Outline	103552
9ee1c509965936b4dbeccf8d179c9047	9	GameObject	AudioSourceObjectParent	103552
9ee1c509965936b4dbeccf8d179c9047	10	GameObject	shock_wave (23)	103552
9ee1c509965936b4dbeccf8d179c9047	11	GameObject	shock_wave (24)	103552
9ee1c509965936b4dbeccf8d179c9047	12	GameObject	Emotion (10)	103552
9ee1c509965936b4dbeccf8d179c9047	13	GameObject	POS	103552
9f1ef0b013d262c4e927f3425bec44fa	1	Material	NGUIAdditive	4908
9f3be340e9f5aa5499014cc44152e567	1	GameObject	NXPGDPRTermsItemLinkGroup	4520
9f7b9fde73aab424d97bf428259590bf	1	GameObject	LeftLine	18064
9f7b9fde73aab424d97bf428259590bf	2	GameObject	ConfirmText	18064
9f7b9fde73aab424d97bf428259590bf	3	GameObject	RightLine	18064
9f7b9fde73aab424d97bf428259590bf	4	GameObject	InputText	18064
9f7b9fde73aab424d97bf428259590bf	5	GameObject	BottomLine	18064
9f7b9fde73aab424d97bf428259590bf	6	GameObject	Text	18064
9f7b9fde73aab424d97bf428259590bf	7	GameObject	ConfirmButton	18064
9f7b9fde73aab424d97bf428259590bf	8	GameObject	InputField	18064
9f7b9fde73aab424d97bf428259590bf	9	GameObject	InputText	18064
9f7b9fde73aab424d97bf428259590bf	10	GameObject	Contents	18064
9f7b9fde73aab424d97bf428259590bf	11	GameObject	Birth	18064
9f7b9fde73aab424d97bf428259590bf	12	GameObject	LeftLine	18064
9f7b9fde73aab424d97bf428259590bf	13	GameObject	RightLine	18064
9f7b9fde73aab424d97bf428259590bf	14	GameObject	InputField	18064
9f7b9fde73aab424d97bf428259590bf	15	GameObject	CloseButton	18064
9f7b9fde73aab424d97bf428259590bf	16	GameObject	BottomLine	18064
9f7b9fde73aab424d97bf428259590bf	17	GameObject	Text	18064
9f7b9fde73aab424d97bf428259590bf	18	GameObject	BackButton	18064
9f7b9fde73aab424d97bf428259590bf	19	GameObject	Placeholder	18064
9f7b9fde73aab424d97bf428259590bf	20	GameObject	InputTextForMonth	18064
9f7b9fde73aab424d97bf428259590bf	21	GameObject	PostText	18064
9f7b9fde73aab424d97bf428259590bf	22	GameObject	TopLine	18064
9f7b9fde73aab424d97bf428259590bf	23	GameObject	Window	18064
9f7b9fde73aab424d97bf428259590bf	24	GameObject	InputTextForYear	18064
9f7b9fde73aab424d97bf428259590bf	25	GameObject	NXPFundsSettlementView	18064
9f7b9fde73aab424d97bf428259590bf	26	GameObject	Placeholder	18064
9f7b9fde73aab424d97bf428259590bf	27	GameObject	Title	18064
9f7b9fde73aab424d97bf428259590bf	28	GameObject	Overlay	18064
9f7b9fde73aab424d97bf428259590bf	29	GameObject	Description	18064
9f7b9fde73aab424d97bf428259590bf	30	GameObject	Header	18064
9f7b9fde73aab424d97bf428259590bf	31	GameObject	TopLine	18064
9f7b9fde73aab424d97bf428259590bf	32	GameObject	PostText	18064
a08d89762d6ae754b9fb2e55d14e9751	1	Texture2D	Cursor_1	44212
a0b8d67fb43fdfb49b35c4e5d327008c	1	Texture2D	btn_close_hover	5612
a0dd6424216320745a78e2162aaed003	1	Texture2D	MultiFloorRaid_FloorBoss_00001_1	1777164
a0dea265544151c45a6044dc4e7bb6b7	1	Texture2D	@ popup btn close_black_hover_02	9460
a0dea265544151c45a6044dc4e7bb6b7	2	Sprite	@ popup btn close_black_hover_02	9460
a23a9270e7b04544eba45a10c6792656	1	Texture2D	Common_Icon_GuideSite	5668
a2799507e473bb34bb4b248ddaf5d28d	1	TextAsset	values-in	64624
a280cc9852877ff48be4e4306e913cf2	1	Texture2D	indicator40	37224
a280cc9852877ff48be4e4306e913cf2	2	Sprite	indicator40	37224
a3b133e7f438070439a855f48c5dd409	1	Texture2D	MultiFloorRaid_FloorList_00001_1	270236
a3d8ed63a4d59354f9ad05ff39263e4a	1	Texture2D	ExpandArrow	8852
a3d8ed63a4d59354f9ad05ff39263e4a	2	Sprite	ExpandArrow	8852
a430f55fcf139914a94e8cab58ebaa96	1	Mesh	FX_MESH_Triangle	4660
a4627aca1e6d3d649ae9254bbad7109d	1	Mesh	RoadPuzzle_846_Plane_BG	4656
a4696ce8c40ecb74e814580ac7ef8bcf	1	Texture2D	home	9696
a483e53037349604eb674b6fb453a02e	1	GameObject	Footer_BG	12540
a483e53037349604eb674b6fb453a02e	2	GameObject	NXPAccountLinkLoginSelector	12540
a483e53037349604eb674b6fb453a02e	3	GameObject	Spacer	12540
a483e53037349604eb674b6fb453a02e	4	GameObject	DescriptionText	12540
a483e53037349604eb674b6fb453a02e	5	GameObject	ButtonGroup	12540
a483e53037349604eb674b6fb453a02e	6	GameObject	Footer_Copyrights	12540
a483e53037349604eb674b6fb453a02e	7	GameObject	Frame_Main	12540
a483e53037349604eb674b6fb453a02e	8	GameObject	Contents	12540
a483e53037349604eb674b6fb453a02e	9	GameObject	GuestButton	12540
a483e53037349604eb674b6fb453a02e	10	GameObject	Overlay	12540
a483e53037349604eb674b6fb453a02e	11	GameObject	Header_Seperator	12540
a483e53037349604eb674b6fb453a02e	12	GameObject	Instruction_Main	12540
a483e53037349604eb674b6fb453a02e	13	GameObject	AccountLinkButton	12540
a483e53037349604eb674b6fb453a02e	14	GameObject	AccountLinkButtonText	12540
a483e53037349604eb674b6fb453a02e	15	GameObject	Footer_CI	12540
a483e53037349604eb674b6fb453a02e	16	GameObject	Window	12540
a483e53037349604eb674b6fb453a02e	17	GameObject	Header_CI	12540
a483e53037349604eb674b6fb453a02e	18	GameObject	Frame_Instruction	12540
a483e53037349604eb674b6fb453a02e	19	GameObject	Spacer (1)	12540
a483e53037349604eb674b6fb453a02e	20	GameObject	DetailedDescriptionText	12540
a483e53037349604eb674b6fb453a02e	21	GameObject	Footer	12540
a483e53037349604eb674b6fb453a02e	22	GameObject	GuestButtonText	12540
a4c0df271e5292d41a039727b2f737ca	1	Texture2D	icon_default_03	6288
a4c0df271e5292d41a039727b2f737ca	2	Sprite	icon_default_03	6288
a4cf8eb380475b443b47379fd9c0b640	1	Texture2D	indicator19	37216
a4cf8eb380475b443b47379fd9c0b640	2	Sprite	indicator19	37216
a5011e7155a5b7449b3a664d65cd8bea	1	Texture2D	icon_unchecked_press	5272
a5011e7155a5b7449b3a664d65cd8bea	2	Sprite	icon_unchecked_press	5272
a5b6508e0e63dd14586b06bd92025a37	1	Texture2D	indicator36	37348
a5b6508e0e63dd14586b06bd92025a37	2	Sprite	indicator36	37348
a5bf71e9aac9e2842af320c25dd303d1	1	Texture2D	indicator25	37348
a5bf71e9aac9e2842af320c25dd303d1	2	Sprite	indicator25	37348
a60c8062097084743b6807882da15e99	1	GameObject	Content	15576
a60c8062097084743b6807882da15e99	2	GameObject	Window	15576
a60c8062097084743b6807882da15e99	3	GameObject	Contents	15576
a60c8062097084743b6807882da15e99	4	GameObject	CloseButton	15576
a60c8062097084743b6807882da15e99	5	GameObject	ItemName	15576
a60c8062097084743b6807882da15e99	6	GameObject	BottomLine	15576
a60c8062097084743b6807882da15e99	7	GameObject	ConfirmButton	15576
a60c8062097084743b6807882da15e99	8	GameObject	Handle	15576
a60c8062097084743b6807882da15e99	9	GameObject	Scrollbar Vertical	15576
a60c8062097084743b6807882da15e99	10	GameObject	ItemTitle	15576
a60c8062097084743b6807882da15e99	11	GameObject	ItemInfoForPrice	15576
a60c8062097084743b6807882da15e99	12	GameObject	TermsList	15576
a60c8062097084743b6807882da15e99	13	GameObject	ItemInfoForProduct	15576
a60c8062097084743b6807882da15e99	14	GameObject	Title	15576
a60c8062097084743b6807882da15e99	15	GameObject	Viewport	15576
a60c8062097084743b6807882da15e99	16	GameObject	NXPFundsSettlementItemConfirmView	15576
a60c8062097084743b6807882da15e99	17	GameObject	ItemTitle	15576
a60c8062097084743b6807882da15e99	18	GameObject	Overlay	15576
a60c8062097084743b6807882da15e99	19	GameObject	ScrollView	15576
a60c8062097084743b6807882da15e99	20	GameObject	Header	15576
a60c8062097084743b6807882da15e99	21	GameObject	Text	15576
a60c8062097084743b6807882da15e99	22	GameObject	Sliding Area	15576
a60c8062097084743b6807882da15e99	23	GameObject	BottomLine	15576
a60c8062097084743b6807882da15e99	24	GameObject	ItemName	15576
a60c8062097084743b6807882da15e99	25	GameObject	BackButton	15576
a60c8062097084743b6807882da15e99	26	GameObject	TopLine	15576
a60c8062097084743b6807882da15e99	27	GameObject	ItemInfo	15576
a60fffc40215aca4b9721ad763769eec	1	Texture2D	indicator30	37348
a60fffc40215aca4b9721ad763769eec	2	Sprite	indicator30	37348
a674720496c1ed248a5b7ea3e22a11fd	1	Texture2D	UIFoldoutOpened	5196
a674720496c1ed248a5b7ea3e22a11fd	2	Sprite	UIFoldoutOpened	5196
a6bfdece9c6d60945bb08a0279901640	1	AnimationClip	UIAni_HexaUI_Open	10648
a6e93577af10ac84d8030abe36352823	1	AnimationClip	UIAni_Cost_Ani	6832
a6f057ef5d30fba4b9c4b79107a49c7a	1	Texture2D	DragAndDropBg	8824
a6f057ef5d30fba4b9c4b79107a49c7a	2	Sprite	DragAndDropBg	8824
a7acc9c1e4123e648b6836b82b44bf79	1	Texture2D	icon_12_72	46356
a7acc9c1e4123e648b6836b82b44bf79	2	Sprite	icon_12_72	46356
a84440663c4ebf64282beee8de302dfc	1	Texture2D	icon_hover_14	6292
a84440663c4ebf64282beee8de302dfc	2	Sprite	icon_hover_14	6292
a8f1f862f5d10324382c7e464274238d	1	Texture2D	PCIcon_MousePoint	20608
a9b5f6395ced516449148b7c7ddbd20e	1	Texture2D	profile	9700
ab533d5c041028a498b3e1f7b8779c27	1	Texture2D	btn_close	10336
ab7ccc07499e8754286e63fc518b2371	1	GameObject	Burst_Smoke_ing Mid	69832
ab7ccc07499e8754286e63fc518b2371	2	GameObject	Starz	69832
ab7ccc07499e8754286e63fc518b2371	3	GameObject	AudioSourceObjectParent	69832
ab7ccc07499e8754286e63fc518b2371	4	GameObject	FX_Battle_Ing	69832
ab7ccc07499e8754286e63fc518b2371	5	GameObject	shock_wave (25)	69832
ab7ccc07499e8754286e63fc518b2371	6	GameObject	Burst_Smoke_ing Outline	69832
ab7ccc07499e8754286e63fc518b2371	7	GameObject	POS	69832
ab7ccc07499e8754286e63fc518b2371	8	GameObject	Emotion (9)	69832
ab7ccc07499e8754286e63fc518b2371	9	GameObject	shock_wave (26)	69832
ab800f0091e7a494487ae76de97423b2	1	GameObject	GridLayout	8404
ab800f0091e7a494487ae76de97423b2	2	GameObject	Contents	8404
ab800f0091e7a494487ae76de97423b2	3	GameObject	Separator	8404
ab800f0091e7a494487ae76de97423b2	4	GameObject	Overlay	8404
ab800f0091e7a494487ae76de97423b2	5	GameObject	BackButton	8404
ab800f0091e7a494487ae76de97423b2	6	GameObject	NXPTermsListView	8404
ab800f0091e7a494487ae76de97423b2	7	GameObject	Header	8404
ab800f0091e7a494487ae76de97423b2	8	GameObject	Title	8404
ab800f0091e7a494487ae76de97423b2	9	GameObject	CloseButton	8404
ab800f0091e7a494487ae76de97423b2	10	GameObject	Window	8404
abc86991db073bd4dbdb1cc7857378a3	1	Texture2D	Common_Btn_Blue	50300
abd414e9ad4437a479bba7d911f868a8	1	GameObject	Mostarers	5108
abd414e9ad4437a479bba7d911f868a8	2	GameObject	Plane	5108
abd414e9ad4437a479bba7d911f868a8	3	GameObject	Tiles	5108
abd414e9ad4437a479bba7d911f868a8	4	GameObject	DefaultMap	5108
abd414e9ad4437a479bba7d911f868a8	5	GameObject	EventParent	5108
ac332f564d89b034ca5697c267251bda	1	Material	FX_MAT_Smoke_RGB_44a_BattleSkip	4744
ac641e12be44ab346a6456881b457c2f	1	Texture2D	Tag_Cam_Start	11788
ad387d3335b151540972cd9b1abae438	1	Texture2D	icon_logo_google_play_game	46520
ad387d3335b151540972cd9b1abae438	2	Sprite	icon_logo_google_play_game	46520
ad78b24c2b1d78546a15b4d675561207	1	Texture2D	icon_default_13	6128
ad78b24c2b1d78546a15b4d675561207	2	Sprite	icon_default_13	6128
ad8fb4691b40d4b4987f69957ada146e	1	Texture2D	icon_hover_12	6276
ad8fb4691b40d4b4987f69957ada146e	2	Sprite	icon_hover_12	6276
adafa332ffad0a04cb8ec3eefac6adbf	1	Texture2D	Background	5608
ae00bb75e0cd5b04b8fe7fb4ab662629	1	GameObject	DebugUIIntField	8688
ae00bb75e0cd5b04b8fe7fb4ab662629	2	GameObject	Text	8688
ae00bb75e0cd5b04b8fe7fb4ab662629	3	GameObject	>	8688
ae00bb75e0cd5b04b8fe7fb4ab662629	4	GameObject	Int	8688
ae00bb75e0cd5b04b8fe7fb4ab662629	5	GameObject	Panel	8688
ae00bb75e0cd5b04b8fe7fb4ab662629	6	GameObject	<	8688
ae00bb75e0cd5b04b8fe7fb4ab662629	7	GameObject	<<<	8688
ae00bb75e0cd5b04b8fe7fb4ab662629	8	GameObject	>>>	8688
ae2672bc830362d489a351c19f3fbeb7	1	TextAsset	DefaultSignature	13440
ae3e73fa3eb98fb4fb2d3fb5fff00270	1	TextAsset	CheatCodeListDBSchema	65568
ae5f0d6d3f9b4ae4294b2b377d8c0053	1	Texture2D	btn_account_email	11732
ae5f0d6d3f9b4ae4294b2b377d8c0053	2	Sprite	btn_account_email	11732
af2279127e98b1e4a99dc2c31437b2b4	1	Material	FX_MAT_Water_02	8560
b055aca727679d54baee341cfe2b5b5f	1	Texture2D	HandCursor	13432
b0bc5b0c98a89da42a7350341ada1ea6	1	TextAsset	DefaultAudioSettings	4276
b1dfc692c94fc7c43b4bc70b299fa053	1	Texture2D	icon_default_08	6268
b1dfc692c94fc7c43b4bc70b299fa053	2	Sprite	icon_default_08	6268
b20526e4322f51b4caa46c0705877420	1	Texture2D	community	9704
b292c517aa17d35498474513ea51053b	1	GameObject	Text	7168
b292c517aa17d35498474513ea51053b	2	GameObject	ObjectField	7168
b292c517aa17d35498474513ea51053b	3	GameObject	Objects	7168
b292c517aa17d35498474513ea51053b	4	GameObject	VariableName	7168
b292c517aa17d35498474513ea51053b	5	GameObject	ExpandToggle	7168
b292c517aa17d35498474513ea51053b	6	GameObject	InitializeButton	7168
b292c517aa17d35498474513ea51053b	7	GameObject	ExpandArrow	7168
b2da6b27df236b144b3516ed8e7d36ac	1	GameObject	Value	5100
b2da6b27df236b144b3516ed8e7d36ac	2	GameObject	DebugUIEnumHistory	5100
b2da6b27df236b144b3516ed8e7d36ac	3	GameObject	Text	5100
b3111397b97a4974bac4f2a34f68283c	1	GameObject	CurveLineRenderer	5552
b3111397b97a4974bac4f2a34f68283c	2	GameObject	BorderLine_Conquested	5552
b346b2a2df1d290438be3287b6419408	1	Texture2D	UICheckMark	5192
b346b2a2df1d290438be3287b6419408	2	Sprite	UICheckMark	5192
b3c755d661da9704eb74bea26a0120cf	1	Texture2D	indicator52	37152
b3c755d661da9704eb74bea26a0120cf	2	Sprite	indicator52	37152
b4093da85f00ce24f8d89c7e35c7b390	1	Material	Font Material	13463434
b4093da85f00ce24f8d89c7e35c7b390	2	Texture2D	Font Texture	13463434
b40d97bfd194bb14daf5978d3d8c60a4	1	Texture2D	indicator13	37176
b40d97bfd194bb14daf5978d3d8c60a4	2	Sprite	indicator13	37176
b43ac6d6f78cb3a42a1092a009189757	1	Texture2D	icon_unchecked_default	5284
b43ac6d6f78cb3a42a1092a009189757	2	Sprite	icon_unchecked_default	5284
b515760907136ee439a1d7d0c9895bad	1	Texture2D	FX_TEX_Grad_Ring3	36992
b5b490f7cbe6a5b49bee778fe4f05383	1	Texture2D	icon arrow up_press_04	9380
b5b490f7cbe6a5b49bee778fe4f05383	2	Sprite	icon arrow up_press_04	9380
b60e63cbe0272d2478836ccaa15d4d20	1	GameObject	RawImage	5448
b60e63cbe0272d2478836ccaa15d4d20	2	GameObject	text	5448
b60e63cbe0272d2478836ccaa15d4d20	3	GameObject	UIPCScreenshotToast	5448
b60e63cbe0272d2478836ccaa15d4d20	4	GameObject	Image	5448
b61f766ead90a2244b87f0597e4ba0b8	1	Texture2D	icon_ial_epicgames	129668
b61f766ead90a2244b87f0597e4ba0b8	2	Sprite	icon_ial_epicgames	129668
b7340ba69c557ad44a95011249f11829	1	GameObject	Text	11364
b7340ba69c557ad44a95011249f11829	2	GameObject	VariableName	11364
b7340ba69c557ad44a95011249f11829	3	GameObject	ZInputField	11364
b7340ba69c557ad44a95011249f11829	4	GameObject	YLabel	11364
b7340ba69c557ad44a95011249f11829	5	GameObject	ZLabel	11364
b7340ba69c557ad44a95011249f11829	6	GameObject	VariableNameMask	11364
b7340ba69c557ad44a95011249f11829	7	GameObject	Vector4Field	11364
b7340ba69c557ad44a95011249f11829	8	GameObject	Text	11364
b7340ba69c557ad44a95011249f11829	9	GameObject	Text	11364
b7340ba69c557ad44a95011249f11829	10	GameObject	WInputField	11364
b7340ba69c557ad44a95011249f11829	11	GameObject	XInputField	11364
b7340ba69c557ad44a95011249f11829	12	GameObject	YInputField	11364
b7340ba69c557ad44a95011249f11829	13	GameObject	WLabel	11364
b7340ba69c557ad44a95011249f11829	14	GameObject	XLabel	11364
b7340ba69c557ad44a95011249f11829	15	GameObject	Text	11364
b7a23bd40ea4bb9448d4c7daae67b42d	1	Texture2D	MultiFloorRaid_LobbyImg_00002	560748
b7b8e05a734b51a45bf70cc2d7a8dca1	1	Texture2D	indicator56	37144
b7b8e05a734b51a45bf70cc2d7a8dca1	2	Sprite	indicator56	37144
b7bf3e11cffe604419dbef6669460275	1	Texture2D	Common_Btn_Gray	50300
b8aec2b43eba0da408c2b295155fbb04	1	Texture2D	icon_hover_05	6260
b8aec2b43eba0da408c2b295155fbb04	2	Sprite	icon_hover_05	6260
b8eb88a635de0c34bac4c92d4375d3a6	1	GameObject	SkillPlane	4484
b90f39e414519664087a334cd03542c1	1	Material	Font Material	3123862
b90f39e414519664087a334cd03542c1	2	Texture2D	Font Texture	3123862
b9e70731c4d4da146bc9f81a1396ed88	1	Texture2D	icon_default_14	6292
b9e70731c4d4da146bc9f81a1396ed88	2	Sprite	icon_default_14	6292
ba14e1959fd665645843c29fd024440b	1	Texture2D	icon_hover_13	6128
ba14e1959fd665645843c29fd024440b	2	Sprite	icon_hover_13	6128
ba3e2469c005d3d45b49457534543d8e	1	Texture2D	MultiFloorRaid_FloorList_00002_1	270236
bab5b90847d801f448b8b8b8238dc393	1	Texture2D	icon_unchecked_default	5108
bab5b90847d801f448b8b8b8238dc393	2	Sprite	icon_unchecked_default	5108
babd539c926f35946850d14285e61fc1	1	Texture2D	indicator09	37152
babd539c926f35946850d14285e61fc1	2	Sprite	indicator09	37152
bba42d3a05f75f142b63ac2fd3549d1c	1	GameObject	Label_Text	17596
bba42d3a05f75f142b63ac2fd3549d1c	2	GameObject	LoadingIcon	17596
bba42d3a05f75f142b63ac2fd3549d1c	3	GameObject	DownLoad	17596
bba42d3a05f75f142b63ac2fd3549d1c	4	GameObject	Grid	17596
bba42d3a05f75f142b63ac2fd3549d1c	5	GameObject	Label_Num	17596
bba42d3a05f75f142b63ac2fd3549d1c	6	GameObject	Label_Cancel	17596
bba42d3a05f75f142b63ac2fd3549d1c	7	GameObject	Btn_Cancel	17596
bba42d3a05f75f142b63ac2fd3549d1c	8	GameObject	Label_Notice	17596
bba42d3a05f75f142b63ac2fd3549d1c	9	GameObject	BlackBgNoneClickArea	17596
bba42d3a05f75f142b63ac2fd3549d1c	10	GameObject	Base	17596
bba42d3a05f75f142b63ac2fd3549d1c	11	GameObject	BlackBgClickArea	17596
bba42d3a05f75f142b63ac2fd3549d1c	12	GameObject	Label_Text	17596
bba42d3a05f75f142b63ac2fd3549d1c	13	GameObject	Pt (1)	17596
bba42d3a05f75f142b63ac2fd3549d1c	14	GameObject	Pt	17596
bba42d3a05f75f142b63ac2fd3549d1c	15	GameObject	Line (1)	17596
bba42d3a05f75f142b63ac2fd3549d1c	16	GameObject	Center	17596
bba42d3a05f75f142b63ac2fd3549d1c	17	GameObject	BG	17596
bba42d3a05f75f142b63ac2fd3549d1c	18	GameObject	Texture (1)	17596
bba42d3a05f75f142b63ac2fd3549d1c	19	GameObject	Label	17596
bba42d3a05f75f142b63ac2fd3549d1c	20	GameObject	BG_Line	17596
bba42d3a05f75f142b63ac2fd3549d1c	21	GameObject	Texture	17596
bba42d3a05f75f142b63ac2fd3549d1c	22	GameObject	BG (1)	17596
bba42d3a05f75f142b63ac2fd3549d1c	23	GameObject	Btn_Close	17596
bba42d3a05f75f142b63ac2fd3549d1c	24	GameObject	Label_Title	17596
bba42d3a05f75f142b63ac2fd3549d1c	25	GameObject	UIPopup_ServerWaitingConnection	17596
bba42d3a05f75f142b63ac2fd3549d1c	26	GameObject	BG_Num	17596
bba42d3a05f75f142b63ac2fd3549d1c	27	GameObject	BlackBg	17596
bba42d3a05f75f142b63ac2fd3549d1c	28	GameObject	Popup	17596
bba42d3a05f75f142b63ac2fd3549d1c	29	GameObject	Texture	17596
bc25cfd8e9898ac44aee21e3d7c38d41	1	Texture2D	MultiFloorRaid_FloorList_00002_2	270236
bc72b58ee00c1bd4787363674c5d2853	1	Texture2D	icon_ial_nintendo	129668
bc72b58ee00c1bd4787363674c5d2853	2	Sprite	icon_ial_nintendo	129668
bcc0e6fb439ccc74c850c0ecc139d80e	1	GameObject	Content	7224
bcc0e6fb439ccc74c850c0ecc139d80e	2	GameObject	HierarchyField	7224
bcc0e6fb439ccc74c850c0ecc139d80e	3	GameObject	Background	7224
bcc0e6fb439ccc74c850c0ecc139d80e	4	GameObject	Checkmark	7224
bcc0e6fb439ccc74c850c0ecc139d80e	5	GameObject	Name	7224
bcc0e6fb439ccc74c850c0ecc139d80e	6	GameObject	ExpandToggle	7224
bcc0e6fb439ccc74c850c0ecc139d80e	7	GameObject	ExpandArrow	7224
bcc0e6fb439ccc74c850c0ecc139d80e	8	GameObject	Background	7224
bcc0e6fb439ccc74c850c0ecc139d80e	9	GameObject	MultiSelectionToggle	7224
bdc39f2ab549234498eb2c02ba3bdfed	1	Texture2D	indicator51	37160
bdc39f2ab549234498eb2c02ba3bdfed	2	Sprite	indicator51	37160
be1fae76a417d7040b8fed2e8fa9ddec	1	Material	Additive	5236
be80b54dac93bc94cb81991718c653e2	1	Texture2D	MultiFloorRaid_FloorBoss_00002_3	1777164
bea8f8d59de7cf34799074f9e238eb05	1	Texture2D	FX_TEX_Hit_RGB_16a	47488
beaefdadfa6e09740a79bd87f2ef750c	1	Texture2D	MultiFloorRaid_FloorList_00003_2	270236
bf8e16b5bd6f5b64eb7dbccfe00b796e	1	Texture2D	icon_default_04	6224
bf8e16b5bd6f5b64eb7dbccfe00b796e	2	Sprite	icon_default_04	6224
bfe69124dceacba49a05b48b3689bd49	1	Texture2D	icon_hover_04	6224
bfe69124dceacba49a05b48b3689bd49	2	Sprite	icon_hover_04	6224
c0372218cf7fa044b981eba408a79c96	1	Texture2D	MultiFloorRaid_FloorList_00002_3	270236
c09091e007a7415449a26da4bc65ccd9	1	Material	Font Material	94458
c09091e007a7415449a26da4bc65ccd9	2	Texture2D	Font Texture	94458
c1265c5c275c581469d17815434748c7	1	Texture2D	Common 1	4069436
c1265c5c275c581469d17815434748c7	2	Sprite	Common_Icon_Inventory_Equip	4069436
c1265c5c275c581469d17815434748c7	3	Sprite	Common_Icon_Filter_01	4069436
c1265c5c275c581469d17815434748c7	4	Sprite	Seasonal_List_TitleBg	4069436
c1265c5c275c581469d17815434748c7	5	Sprite	Seasonal_Playguide_Btn	4069436
c1265c5c275c581469d17815434748c7	6	Sprite	Common_Bg_Raius10px_Select	4069436
c1265c5c275c581469d17815434748c7	7	Sprite	Common_Icon_DamageDealer	4069436
c1265c5c275c581469d17815434748c7	8	Sprite	Campaign_Goal_Icon	4069436
c1265c5c275c581469d17815434748c7	9	Sprite	PermanentRaid_Icon_Outdoor	4069436
c1265c5c275c581469d17815434748c7	10	Sprite	Common_Icon_Random	4069436
c1265c5c275c581469d17815434748c7	11	Sprite	Common_Gradient_Vertical	4069436
c1265c5c275c581469d17815434748c7	12	Sprite	Event_Icon_Story_Stage	4069436
c1265c5c275c581469d17815434748c7	13	Sprite	Common_Icon_Copy	4069436
c1265c5c275c581469d17815434748c7	14	Sprite	Common_Icon_Friends	4069436
c1265c5c275c581469d17815434748c7	15	Sprite	PermanentRaid_Img_SelectBg	4069436
c1265c5c275c581469d17815434748c7	16	Sprite	PermanentRaid_Icon_Street	4069436
c1265c5c275c581469d17815434748c7	17	Sprite	Event_Popup_Bg	4069436
c1265c5c275c581469d17815434748c7	18	Sprite	Loading_d	4069436
c1265c5c275c581469d17815434748c7	19	Sprite	Loading_l	4069436
c1265c5c275c581469d17815434748c7	20	Sprite	Ingame_Emo_AdaptresultS	4069436
c1265c5c275c581469d17815434748c7	21	Sprite	Common_Icon_Gembag	4069436
c1265c5c275c581469d17815434748c7	22	Sprite	Common_Icon_EliminateRaidCoin_High	4069436
c1265c5c275c581469d17815434748c7	23	Sprite	Campaign_Tab_Right	4069436
c1265c5c275c581469d17815434748c7	24	Sprite	Common_Outline_W_Bg	4069436
c1265c5c275c581469d17815434748c7	25	Sprite	Common_Navi_Gauge_Icon	4069436
c1265c5c275c581469d17815434748c7	26	Sprite	Cafe_Icon_Cancel	4069436
c1265c5c275c581469d17815434748c7	27	Sprite	Common_Square_Bg	4069436
c1265c5c275c581469d17815434748c7	28	Sprite	Common_Icon_Mission	4069436
c1265c5c275c581469d17815434748c7	29	Sprite	Common_Card_Star_BG	4069436
c1265c5c275c581469d17815434748c7	30	Sprite	Strategy_Icon_EnemyRank	4069436
c1265c5c275c581469d17815434748c7	31	Sprite	RewardEvent_BG	4069436
c1265c5c275c581469d17815434748c7	32	Sprite	Common_Icon_Back	4069436
c1265c5c275c581469d17815434748c7	33	Sprite	Common_List_Inbox	4069436
c1265c5c275c581469d17815434748c7	34	Sprite	Common_Icon_Check_B	4069436
c1265c5c275c581469d17815434748c7	35	Sprite	Common_Icon_Time	4069436
c1265c5c275c581469d17815434748c7	36	Sprite	Common_Navi_Gauge_Icon_Disable	4069436
c1265c5c275c581469d17815434748c7	37	Sprite	Loading_a	4069436
c1265c5c275c581469d17815434748c7	38	Sprite	Common_Icon_FlatIssue	4069436
c1265c5c275c581469d17815434748c7	39	Sprite	Common_Btn_Normal_Y_S_Pt	4069436
c1265c5c275c581469d17815434748c7	40	Sprite	Card_Bg	4069436
c1265c5c275c581469d17815434748c7	41	Sprite	Common_Square_Glow	4069436
c1265c5c275c581469d17815434748c7	42	Sprite	Common_Gradient	4069436
c1265c5c275c581469d17815434748c7	43	Sprite	Campaign_List_Normal	4069436
c1265c5c275c581469d17815434748c7	44	Sprite	Cafe_Icon_Gifts	4069436
c1265c5c275c581469d17815434748c7	45	Sprite	Scenario_Icon_Clear	4069436
c1265c5c275c581469d17815434748c7	46	Sprite	Common_Icon_Fog	4069436
c1265c5c275c581469d17815434748c7	47	Sprite	Common_Icon_Setting_Game	4069436
c1265c5c275c581469d17815434748c7	48	Sprite	Common_Icon_Gold	4069436
c1265c5c275c581469d17815434748c7	49	Sprite	Common_Icon_Social	4069436
c1265c5c275c581469d17815434748c7	50	Sprite	Cafe_Icon_Confirm	4069436
c1265c5c275c581469d17815434748c7	51	Sprite	Card_Select_Line	4069436
c1265c5c275c581469d17815434748c7	52	Sprite	Common_Line_Slash	4069436
c1265c5c275c581469d17815434748c7	53	Sprite	Common_Btn_Radio_BG	4069436
c1265c5c275c581469d17815434748c7	54	Sprite	Cafe_Balloon_Text	4069436
c1265c5c275c581469d17815434748c7	55	Sprite	Campaign_Icon_Star	4069436
c1265c5c275c581469d17815434748c7	56	Sprite	Common_Line_Raius10px_Type2	4069436
c1265c5c275c581469d17815434748c7	57	Sprite	Common_Icon_Report	4069436
c1265c5c275c581469d17815434748c7	58	Sprite	Common_Icon_CombatStyle	4069436
c1265c5c275c581469d17815434748c7	59	Sprite	Common_Icon_Lock	4069436
c1265c5c275c581469d17815434748c7	60	Sprite	PermanentRaid_Img_SlotBg	4069436
c1265c5c275c581469d17815434748c7	61	Sprite	ShiftingCraftItem_3	4069436
c1265c5c275c581469d17815434748c7	62	Sprite	Common_Icon_Formation_Buff	4069436
c1265c5c275c581469d17815434748c7	63	Sprite	Cafe_Btn_Bg	4069436
c1265c5c275c581469d17815434748c7	64	Sprite	Loading_w	4069436
c1265c5c275c581469d17815434748c7	65	Sprite	Tutorial_Message_BG	4069436
c1265c5c275c581469d17815434748c7	66	Sprite	Common_Square_Line	4069436
c1265c5c275c581469d17815434748c7	67	Sprite	ImgFont_Back	4069436
c1265c5c275c581469d17815434748c7	68	Sprite	Cafe_Icon_Edit	4069436
c1265c5c275c581469d17815434748c7	69	Sprite	Common_Btn_Normal_B_S_Pt	4069436
c1265c5c275c581469d17815434748c7	70	Sprite	Common_Icon_FlatNotice	4069436
c1265c5c275c581469d17815434748c7	71	Sprite	Special_Operation_StageList_BG	4069436
c1265c5c275c581469d17815434748c7	72	Sprite	Cafe_Interaction_Touch	4069436
c1265c5c275c581469d17815434748c7	73	Sprite	Common_Item_Icon_SecretStone	4069436
c1265c5c275c581469d17815434748c7	74	Sprite	Currency_Icon_AcademyTicket	4069436
c1265c5c275c581469d17815434748c7	75	Sprite	Common_Toast_Mission	4069436
c1265c5c275c581469d17815434748c7	76	Sprite	Common_Graph	4069436
c1265c5c275c581469d17815434748c7	77	Sprite	Common_Icon_StudentRecord	4069436
c1265c5c275c581469d17815434748c7	78	Sprite	Card_Ability_Select_circle	4069436
c1265c5c275c581469d17815434748c7	79	Sprite	Common_Bg_Raius20px_Shadow	4069436
c1265c5c275c581469d17815434748c7	80	Sprite	Loading_n1	4069436
c1265c5c275c581469d17815434748c7	81	Sprite	Tutorial_Border	4069436
c1265c5c275c581469d17815434748c7	82	Sprite	Common_Line_CircleSquare	4069436
c1265c5c275c581469d17815434748c7	83	Sprite	Common_Growth_Circle_Btn	4069436
c1265c5c275c581469d17815434748c7	84	Sprite	Common_TextInBox_10px	4069436
c1265c5c275c581469d17815434748c7	85	Sprite	ShiftingCraftItem_1	4069436
c1265c5c275c581469d17815434748c7	86	Sprite	Cafe_Icon_Preset	4069436
c1265c5c275c581469d17815434748c7	87	Sprite	Popup_System_Deco	4069436
c1265c5c275c581469d17815434748c7	88	Sprite	Common_Icon_Mulligan	4069436
c1265c5c275c581469d17815434748c7	89	Sprite	Common_Btn_Arrow	4069436
c1265c5c275c581469d17815434748c7	90	Sprite	Currency_Icon_SchoolTotalTicket	4069436
c1265c5c275c581469d17815434748c7	91	Sprite	Lobby_balloon	4069436
c1265c5c275c581469d17815434748c7	92	Sprite	PermanentRaid_Img_PersonalRankBg	4069436
c1265c5c275c581469d17815434748c7	93	Sprite	Cafe_Icon_Rotate	4069436
c1265c5c275c581469d17815434748c7	94	Sprite	PermanentRaid_Img_SlotFrame	4069436
c1265c5c275c581469d17815434748c7	95	Sprite	Common_Icon_FlatEvent	4069436
c1265c5c275c581469d17815434748c7	96	Sprite	Common_Bg_Gradation_5px	4069436
c1265c5c275c581469d17815434748c7	97	Sprite	Common_Icon_Enemy_Elite	4069436
c1265c5c275c581469d17815434748c7	98	Sprite	Common_Bg_Raius5px	4069436
c1265c5c275c581469d17815434748c7	99	Sprite	Common_Bg_Raius20px	4069436
c1265c5c275c581469d17815434748c7	100	Sprite	Common_BGDeco	4069436
c1265c5c275c581469d17815434748c7	101	Sprite	PermanentRaid_Img_SelectDeco	4069436
c1265c5c275c581469d17815434748c7	102	Sprite	Lobby_balloon2	4069436
c1265c5c275c581469d17815434748c7	103	Sprite	Currency_Icon_RecruitTicket_2Star_10	4069436
c1265c5c275c581469d17815434748c7	104	Sprite	Cafe_Icon_NameEdit	4069436
c1265c5c275c581469d17815434748c7	105	Sprite	Common_Balloon_Type2	4069436
c1265c5c275c581469d17815434748c7	106	Sprite	Campaign_Icon_Bg	4069436
c1265c5c275c581469d17815434748c7	107	Sprite	Cafe_Icon_Photo	4069436
c1265c5c275c581469d17815434748c7	108	Sprite	Common_Title_Bg	4069436
c1265c5c275c581469d17815434748c7	109	Sprite	Cafe_Interaction_Gift_03	4069436
c1265c5c275c581469d17815434748c7	110	Sprite	Common_Icon_Change	4069436
c1265c5c275c581469d17815434748c7	111	Sprite	Currency_Icon_EliminateRaidTicketA	4069436
c1265c5c275c581469d17815434748c7	112	Sprite	Common_Icon_NewbieBg	4069436
c1265c5c275c581469d17815434748c7	113	Sprite	Card_Item_Bg_R	4069436
c1265c5c275c581469d17815434748c7	114	Sprite	Common_Icon_Student	4069436
c1265c5c275c581469d17815434748c7	115	Sprite	Special_Operation_Tab_Pt	4069436
c1265c5c275c581469d17815434748c7	116	Sprite	Lobby_Indicator_Bg	4069436
c1265c5c275c581469d17815434748c7	117	Sprite	Loading_dot	4069436
c1265c5c275c581469d17815434748c7	118	Sprite	Currency_Icon_RecruitTicket_3Star_10	4069436
c1265c5c275c581469d17815434748c7	119	Sprite	Tutorial_Arrow_Line	4069436
c1265c5c275c581469d17815434748c7	120	Sprite	Common_Icon_Formation_Friends	4069436
c1265c5c275c581469d17815434748c7	121	Sprite	Currency_Icon_WorldRaidCommonTicket	4069436
c1265c5c275c581469d17815434748c7	122	Sprite	School_Chat_BG	4069436
c1265c5c275c581469d17815434748c7	123	Sprite	Cafe_Icon_Comfort	4069436
c1265c5c275c581469d17815434748c7	124	Sprite	Common_Icon_Order	4069436
c1265c5c275c581469d17815434748c7	125	Sprite	Common_Reward_BackEffect	4069436
c1265c5c275c581469d17815434748c7	126	Sprite	Common_Bg_Raius30px	4069436
c1265c5c275c581469d17815434748c7	127	Sprite	Loading_i	4069436
c1265c5c275c581469d17815434748c7	128	Sprite	Common_Icon_CharacterWeapon_off	4069436
c1265c5c275c581469d17815434748c7	129	Sprite	Common_Icon_Expend	4069436
c1265c5c275c581469d17815434748c7	130	Sprite	Cafe_Icon_Gift	4069436
c1265c5c275c581469d17815434748c7	131	Sprite	Currency_Icon_SchoolCTicket	4069436
c1265c5c275c581469d17815434748c7	132	Sprite	Common_Btn_Circle_W	4069436
c1265c5c275c581469d17815434748c7	133	Sprite	Common_Icon_Event_Token_Special_1	4069436
c1265c5c275c581469d17815434748c7	134	Sprite	Attacklist_Icon_Clear_Bg	4069436
c1265c5c275c581469d17815434748c7	135	Sprite	Cafe_Interaction_Question	4069436
c1265c5c275c581469d17815434748c7	136	Sprite	Common_Icon_Change_Count	4069436
c1265c5c275c581469d17815434748c7	137	Sprite	Ingame_Emo_AdaptresultA	4069436
c1265c5c275c581469d17815434748c7	138	Sprite	Loading_g	4069436
c1265c5c275c581469d17815434748c7	139	Sprite	Common_Icon_Emoji	4069436
c1265c5c275c581469d17815434748c7	140	Sprite	School_Icon_Schedule_Check	4069436
c1265c5c275c581469d17815434748c7	141	Sprite	Common_Icon_Formation_Circle	4069436
c1265c5c275c581469d17815434748c7	142	Sprite	Common_Icon_Decoration	4069436
c1265c5c275c581469d17815434748c7	143	Sprite	Common_Icon_Pin_Small_01	4069436
c1265c5c275c581469d17815434748c7	144	Sprite	Cafe_Icon_CafeRank	4069436
c1265c5c275c581469d17815434748c7	145	Sprite	School_Icon_Student	4069436
c1265c5c275c581469d17815434748c7	146	Sprite	Common_Icon_Block	4069436
c1265c5c275c581469d17815434748c7	147	Sprite	Currency_Icon_SchoolATicket	4069436
c1265c5c275c581469d17815434748c7	148	Sprite	Currency_Icon_RaidTicket	4069436
c1265c5c275c581469d17815434748c7	149	Sprite	Common_Dotline	4069436
c1265c5c275c581469d17815434748c7	150	Sprite	Common_Line_Raius30px	4069436
c1265c5c275c581469d17815434748c7	151	Sprite	School_Icon_TeacherRank	4069436
c1265c5c275c581469d17815434748c7	152	Sprite	Common_Defense_Icon	4069436
c1265c5c275c581469d17815434748c7	153	Sprite	Cafe_Icon_Travel_Random	4069436
c1265c5c275c581469d17815434748c7	154	Sprite	School_Object_Bg	4069436
c1265c5c275c581469d17815434748c7	155	Sprite	Common_Icon_Cardshop_History	4069436
c1265c5c275c581469d17815434748c7	156	Sprite	Common_Icon_MoMoTalk	4069436
c1265c5c275c581469d17815434748c7	157	Sprite	ShiftingCraftItem_0	4069436
c1265c5c275c581469d17815434748c7	158	Sprite	Cafe_Icon_Info	4069436
c1265c5c275c581469d17815434748c7	159	Sprite	Common_Attack_Icon	4069436
c1265c5c275c581469d17815434748c7	160	Sprite	Common_Icon_Check_P	4069436
c1265c5c275c581469d17815434748c7	161	Sprite	Seasonal_Tab_Btn_1	4069436
c1265c5c275c581469d17815434748c7	162	Sprite	Currency_Icon_EliminateRaidTicketB	4069436
c1265c5c275c581469d17815434748c7	163	Sprite	Common_Icon_Filter_02	4069436
c1265c5c275c581469d17815434748c7	164	Sprite	Common_Advantage_Icon_	4069436
c1265c5c275c581469d17815434748c7	165	Sprite	Common_Icon_SpecialLobby	4069436
c1265c5c275c581469d17815434748c7	166	Sprite	Common_Icon_Plus	4069436
c1265c5c275c581469d17815434748c7	167	Sprite	Common_Icon_MemoryLobby_Plural	4069436
c1265c5c275c581469d17815434748c7	168	Sprite	Cafe_Icon_Menu	4069436
c1265c5c275c581469d17815434748c7	169	Sprite	Common_Icon_RaidCoin_High	4069436
c1265c5c275c581469d17815434748c7	170	Sprite	PermanentRaid_Icon_PersonalRank	4069436
c1265c5c275c581469d17815434748c7	171	Sprite	ImageFont_Max	4069436
c1265c5c275c581469d17815434748c7	172	Sprite	Common_Sound_SlideBg	4069436
c1265c5c275c581469d17815434748c7	173	Sprite	Common_Raid_Jump_Icon	4069436
c1265c5c275c581469d17815434748c7	174	Sprite	Common_Icon_AIType01	4069436
c1265c5c275c581469d17815434748c7	175	Sprite	Cafe_Icon_Inventory	4069436
c1265c5c275c581469d17815434748c7	176	Sprite	Currency_Icon_ChaserCTicket	4069436
c1265c5c275c581469d17815434748c7	177	Sprite	Common_Charlist_Icon_ViewSmall	4069436
c1265c5c275c581469d17815434748c7	178	Sprite	Common_Bg_Pin_Detail_02	4069436
c1265c5c275c581469d17815434748c7	179	Sprite	Common_Plus_Tilt_Btn	4069436
c1265c5c275c581469d17815434748c7	180	Sprite	Seasonal_Tab_Btn_2	4069436
c1265c5c275c581469d17815434748c7	181	Sprite	Common_Icon_Formation_Star_2	4069436
c1265c5c275c581469d17815434748c7	182	Sprite	Lobby_Event_Date_Bg	4069436
c1265c5c275c581469d17815434748c7	183	Sprite	Attendance_List_Bg	4069436
c1265c5c275c581469d17815434748c7	184	Sprite	Common_Icon_Supporter	4069436
c1265c5c275c581469d17815434748c7	185	Sprite	Campaign_Icon_Select	4069436
c1265c5c275c581469d17815434748c7	186	Sprite	Campaign_Tab_Left	4069436
c1265c5c275c581469d17815434748c7	187	Sprite	Common_Filter_Tab_Type2	4069436
c1265c5c275c581469d17815434748c7	188	Sprite	Common_Icon_Asist	4069436
c1265c5c275c581469d17815434748c7	189	Sprite	Common_Icon_Bulb	4069436
c1265c5c275c581469d17815434748c7	190	Sprite	Common_Icon_Assistant	4069436
c1265c5c275c581469d17815434748c7	191	Sprite	Common_Icon_Pin_02	4069436
c1265c5c275c581469d17815434748c7	192	Sprite	Campaign_Icon_ChangeUnit	4069436
c1265c5c275c581469d17815434748c7	193	Sprite	Common_Btn_Information	4069436
c1265c5c275c581469d17815434748c7	194	Sprite	Common_Corner_Bg_Shadow	4069436
c1265c5c275c581469d17815434748c7	195	Sprite	Lobby_Stamina_ToolTip_Bg	4069436
c1265c5c275c581469d17815434748c7	196	Sprite	Common_Graph_Tail	4069436
c1265c5c275c581469d17815434748c7	197	Sprite	Scenario_Icon_Clear_Bg	4069436
c1265c5c275c581469d17815434748c7	198	Sprite	Common_Raid_BossStory_Icon	4069436
c1265c5c275c581469d17815434748c7	199	Sprite	Common_Icon_Reddot	4069436
c1265c5c275c581469d17815434748c7	200	Sprite	Common_Nonoutline_W_Bg	4069436
c1265c5c275c581469d17815434748c7	201	Sprite	Ingame_Emo_AdaptresultC	4069436
c1265c5c275c581469d17815434748c7	202	Sprite	Common_Icon_Camp_Infomation	4069436
c1265c5c275c581469d17815434748c7	203	Sprite	Common_Formation_Image_Ready	4069436
c1265c5c275c581469d17815434748c7	204	Sprite	Currency_Icon_EliminateRaidTicketD	4069436
c1265c5c275c581469d17815434748c7	205	Sprite	Common_Line_Dot	4069436
c1265c5c275c581469d17815434748c7	206	Sprite	Cafe_Balloon_Text_Shout	4069436
c1265c5c275c581469d17815434748c7	207	Sprite	School_Icon_Schedule_Favor	4069436
c1265c5c275c581469d17815434748c7	208	Sprite	Card_Ability_Select_Line	4069436
c1265c5c275c581469d17815434748c7	209	Sprite	Common_Log_Icon	4069436
c1265c5c275c581469d17815434748c7	210	Sprite	Event_Gacha_Deco	4069436
c1265c5c275c581469d17815434748c7	211	Sprite	Cafe_Icon_ItemInfo	4069436
c1265c5c275c581469d17815434748c7	212	Sprite	Tutorial_Corner	4069436
c1265c5c275c581469d17815434748c7	213	Sprite	Cafe_Balloon_Text_Think	4069436
c1265c5c275c581469d17815434748c7	214	Sprite	Card_Select_Line_Event	4069436
c1265c5c275c581469d17815434748c7	215	Sprite	Common_Icon_EliminateRaidCoin	4069436
c1265c5c275c581469d17815434748c7	216	Sprite	Common_Bg_Tab	4069436
c1265c5c275c581469d17815434748c7	217	Sprite	Formation_SuffCharacter_CoverLine_Btn	4069436
c1265c5c275c581469d17815434748c7	218	Sprite	Common_Btn_Normal_P_S_Pt	4069436
c1265c5c275c581469d17815434748c7	219	Sprite	Card_Line_Char	4069436
c1265c5c275c581469d17815434748c7	220	Sprite	Common_Icon_Event	4069436
c1265c5c275c581469d17815434748c7	221	Sprite	Cafe_Icon_Arrow	4069436
c1265c5c275c581469d17815434748c7	222	Sprite	Common_Icon_AIType02	4069436
c1265c5c275c581469d17815434748c7	223	Sprite	Common_Icon_TimeAttackCoin	4069436
c1265c5c275c581469d17815434748c7	224	Sprite	Common_Icon_SocialCircle	4069436
c1265c5c275c581469d17815434748c7	225	Sprite	Common_Icon_Setting_Account	4069436
c1265c5c275c581469d17815434748c7	226	Sprite	Common_Icon_Tanker	4069436
c1265c5c275c581469d17815434748c7	227	Sprite	Common_Bg_Raius5px_Shadow	4069436
c1265c5c275c581469d17815434748c7	228	Sprite	Common_Gradient_Both	4069436
c1265c5c275c581469d17815434748c7	229	Sprite	Common_Icon_Outdoor	4069436
c1265c5c275c581469d17815434748c7	230	Sprite	Common_AutoBg	4069436
c1265c5c275c581469d17815434748c7	231	Sprite	ImgFont_Front	4069436
c1265c5c275c581469d17815434748c7	232	Sprite	Common_Icon_CV	4069436
c1265c5c275c581469d17815434748c7	233	Sprite	Common_Icon_Buff	4069436
c1265c5c275c581469d17815434748c7	234	Sprite	Cafe_Icon_Storage	4069436
c1265c5c275c581469d17815434748c7	235	Sprite	Common_Icon_Mail	4069436
c1265c5c275c581469d17815434748c7	236	Sprite	Common_plus_Selectable_Btn	4069436
c1265c5c275c581469d17815434748c7	237	Sprite	Common_Btn_Pin_02	4069436
c1265c5c275c581469d17815434748c7	238	Sprite	Ingame_Emo_AdaptresultB	4069436
c1265c5c275c581469d17815434748c7	239	Sprite	Common_Line_Gradient_02	4069436
c1265c5c275c581469d17815434748c7	240	Sprite	Common_Icon_Pin_01	4069436
c1265c5c275c581469d17815434748c7	241	Sprite	Common_Formation_FormMark_2	4069436
c1265c5c275c581469d17815434748c7	242	Sprite	Common_AutoTimer	4069436
c1265c5c275c581469d17815434748c7	243	Sprite	Common_Option_Sound_Mute	4069436
c1265c5c275c581469d17815434748c7	244	Sprite	Common_Filter_Tab_Type1	4069436
c1265c5c275c581469d17815434748c7	245	Sprite	Common_Icon_CombatStyleSmall	4069436
c1265c5c275c581469d17815434748c7	246	Sprite	Common_Icon_CraftSkipItem	4069436
c1265c5c275c581469d17815434748c7	247	Sprite	Common_Icon_Indoor	4069436
c1265c5c275c581469d17815434748c7	248	Sprite	School_Icon_Chat	4069436
c1265c5c275c581469d17815434748c7	249	Sprite	Loading_Halo	4069436
c1265c5c275c581469d17815434748c7	250	Sprite	Common_Line_Select_Y	4069436
c1265c5c275c581469d17815434748c7	251	Sprite	Common_Icon_Formation_Edit	4069436
c1265c5c275c581469d17815434748c7	252	Sprite	Ingame_Emo_AdaptresultD	4069436
c1265c5c275c581469d17815434748c7	253	Sprite	Cafe_Icon_BGM	4069436
c1265c5c275c581469d17815434748c7	254	Sprite	Common_Formation_FormMark_1	4069436
c1265c5c275c581469d17815434748c7	255	Sprite	Cafe_Balloon_Emoticon	4069436
c1265c5c275c581469d17815434748c7	256	Sprite	School_RankUp_Bg	4069436
c1265c5c275c581469d17815434748c7	257	Sprite	PermanentRaid_Icon_Indoor	4069436
c1265c5c275c581469d17815434748c7	258	Sprite	School_Icon_Calendar	4069436
c1265c5c275c581469d17815434748c7	259	Sprite	Common_Tab_Category	4069436
c1265c5c275c581469d17815434748c7	260	Sprite	Campaign_Stage_Select	4069436
c1265c5c275c581469d17815434748c7	261	Sprite	Common_TextSpace_Line	4069436
c1265c5c275c581469d17815434748c7	262	Sprite	Common_Icon_Minus	4069436
c1265c5c275c581469d17815434748c7	263	Sprite	Common_Icon_Dialog	4069436
c1265c5c275c581469d17815434748c7	264	Sprite	Common_Deco_Gacha_Icon	4069436
c1265c5c275c581469d17815434748c7	265	Sprite	Cafe_Interaction_Gift_04	4069436
c1265c5c275c581469d17815434748c7	266	Sprite	School_Icon_Normal	4069436
c1265c5c275c581469d17815434748c7	267	Sprite	Common_Bg_Raius10px	4069436
c1265c5c275c581469d17815434748c7	268	Sprite	Common_Bg_Raius10px_Shadow	4069436
c1265c5c275c581469d17815434748c7	269	Sprite	Strategy_Icon_Supply	4069436
c1265c5c275c581469d17815434748c7	270	Sprite	Common_Icon_Play	4069436
c1265c5c275c581469d17815434748c7	271	Sprite	Common_Icon_Search	4069436
c1265c5c275c581469d17815434748c7	272	Sprite	Common_Icon_RaidCoin	4069436
c1265c5c275c581469d17815434748c7	273	Sprite	Common_Icon_ClearDeck	4069436
c1265c5c275c581469d17815434748c7	274	Sprite	Common_Icon_All_Download	4069436
c1265c5c275c581469d17815434748c7	275	Sprite	Campaign_Icon_MoveChange	4069436
c1265c5c275c581469d17815434748c7	276	Sprite	Common_Plus_Btn	4069436
c1265c5c275c581469d17815434748c7	277	Sprite	School_Icon_MomoTalk	4069436
c1265c5c275c581469d17815434748c7	278	Sprite	Common_Icon_Challenge	4069436
c1265c5c275c581469d17815434748c7	279	Sprite	Card_Item_Bg_SR	4069436
c1265c5c275c581469d17815434748c7	280	Sprite	Common_Icon_Gacha	4069436
c1265c5c275c581469d17815434748c7	281	Sprite	Common_Charlist_Icon_ViewFull	4069436
c1265c5c275c581469d17815434748c7	282	Sprite	Common_Indicator	4069436
c1265c5c275c581469d17815434748c7	283	Sprite	Common_Popup_Bg	4069436
c1265c5c275c581469d17815434748c7	284	Sprite	Cafe_Interaction_Heart	4069436
c1265c5c275c581469d17815434748c7	285	Sprite	Common_Icon_Reddot2	4069436
c1265c5c275c581469d17815434748c7	286	Sprite	Cafe_Icon_Video	4069436
c1265c5c275c581469d17815434748c7	287	Sprite	Common_Formation_Cost_Balloon	4069436
c1265c5c275c581469d17815434748c7	288	Sprite	Common_BtnIcon_Assist	4069436
c1265c5c275c581469d17815434748c7	289	Sprite	Currency_Icon_RecruitTicket_Property_3Star_10	4069436
c1265c5c275c581469d17815434748c7	290	Sprite	Currency_Icon_RecruitTicket_SelectPickup_10	4069436
c1265c5c275c581469d17815434748c7	291	Sprite	Common_Icon_ItemTime	4069436
c1265c5c275c581469d17815434748c7	292	Sprite	Common_Icon_Info	4069436
c1265c5c275c581469d17815434748c7	293	Sprite	Currency_Icon_RecruitTicket_SelectPickup_1	4069436
c1265c5c275c581469d17815434748c7	294	Sprite	Common_Gacha_Bg	4069436
c1265c5c275c581469d17815434748c7	295	Sprite	Common_Icon_Diamond	4069436
c1265c5c275c581469d17815434748c7	296	Sprite	Common_Sweep_BottomBg	4069436
c1265c5c275c581469d17815434748c7	297	Sprite	Cafe_Icon_Travel_Normal	4069436
c1265c5c275c581469d17815434748c7	298	Sprite	Common_Login_Loading	4069436
c1265c5c275c581469d17815434748c7	299	Sprite	Cafe_Location_Bg	4069436
c1265c5c275c581469d17815434748c7	300	Sprite	Common_Shop_Deco	4069436
c1265c5c275c581469d17815434748c7	301	Sprite	Ingame_End_Popup_Bg	4069436
c1265c5c275c581469d17815434748c7	302	Sprite	Common_Icon_Enemy	4069436
c1265c5c275c581469d17815434748c7	303	Sprite	Cafe_Icon_Travel_Home	4069436
c1265c5c275c581469d17815434748c7	304	Sprite	Common_Icon_Formation_Star	4069436
c1265c5c275c581469d17815434748c7	305	Sprite	Common_Btn_Normal_B_C_Pt	4069436
c1265c5c275c581469d17815434748c7	306	Sprite	Card_Item_Bg_N	4069436
c1265c5c275c581469d17815434748c7	307	Sprite	Common_Tab_Normal_Btn	4069436
c1265c5c275c581469d17815434748c7	308	Sprite	Loading_Arona	4069436
c1265c5c275c581469d17815434748c7	309	Sprite	Common_Icon_ArenaCoin	4069436
c1265c5c275c581469d17815434748c7	310	Sprite	Card_Role_Bg	4069436
c1265c5c275c581469d17815434748c7	311	Sprite	Common_Btn_Normal_R_S_Pt	4069436
c1265c5c275c581469d17815434748c7	312	Sprite	Cafe_Interaction_Gift_01	4069436
c1265c5c275c581469d17815434748c7	313	Sprite	Common_Icon_SchaleBilding	4069436
c1265c5c275c581469d17815434748c7	314	Sprite	Currency_Icon_MasterCoin	4069436
c1265c5c275c581469d17815434748c7	315	Sprite	Currency_Icon_RecruitTicket_Normal_10	4069436
c1265c5c275c581469d17815434748c7	316	Sprite	Loading_n	4069436
c1265c5c275c581469d17815434748c7	317	Sprite	Common_Icon_ToLobby	4069436
c1265c5c275c581469d17815434748c7	318	Sprite	Common_Reward_Deco	4069436
c1265c5c275c581469d17815434748c7	319	Sprite	Common_Reward_Outerglow	4069436
c1265c5c275c581469d17815434748c7	320	Sprite	Common_Icon_JPMoney	4069436
c1265c5c275c581469d17815434748c7	321	Sprite	Currency_Icon_RecruitTicket_Normal_1	4069436
c1265c5c275c581469d17815434748c7	322	Sprite	Currency_Icon_ChaserTotalTicket	4069436
c1265c5c275c581469d17815434748c7	323	Sprite	Common_Icon_Close	4069436
c1265c5c275c581469d17815434748c7	324	Sprite	Common_Icon_Link	4069436
c1265c5c275c581469d17815434748c7	325	Sprite	Lobby_UserLv_Bg	4069436
c1265c5c275c581469d17815434748c7	326	Sprite	Common_Top_Home_Btn	4069436
c1265c5c275c581469d17815434748c7	327	Sprite	Common_Icon_Check_Y_On	4069436
c1265c5c275c581469d17815434748c7	328	Sprite	School_Icon_Favor	4069436
c1265c5c275c581469d17815434748c7	329	Sprite	Common_TextBg_Voiceroom	4069436
c1265c5c275c581469d17815434748c7	330	Sprite	Card_Ability_Select_Line_Icon	4069436
c1265c5c275c581469d17815434748c7	331	Sprite	Resource_Bg_Radius10px	4069436
c1265c5c275c581469d17815434748c7	332	Sprite	Common_Btn_BG	4069436
c1265c5c275c581469d17815434748c7	333	Sprite	Common_Enemy_SmallIcon	4069436
c1265c5c275c581469d17815434748c7	334	Sprite	Card_Select_Line_Blue	4069436
c1265c5c275c581469d17815434748c7	335	Sprite	Currency_Icon_ChaserATicket	4069436
c1265c5c275c581469d17815434748c7	336	Sprite	Common_Deco_Gacha_Icon_Pickup	4069436
c1265c5c275c581469d17815434748c7	337	Sprite	Common_Icon_Formation_Preset	4069436
c1265c5c275c581469d17815434748c7	338	Sprite	Common_line_10px	4069436
c1265c5c275c581469d17815434748c7	339	Sprite	Common_Icon_ZoomChar	4069436
c1265c5c275c581469d17815434748c7	340	Sprite	Common_Main_SkillBG	4069436
c1265c5c275c581469d17815434748c7	341	Sprite	Common_AutoTimerBg	4069436
c1265c5c275c581469d17815434748c7	342	Sprite	Common_UIHide_Icon	4069436
c1265c5c275c581469d17815434748c7	343	Sprite	Common_Icon_Edit	4069436
c1265c5c275c581469d17815434748c7	344	Sprite	Common_Card_Tag_BG	4069436
c1265c5c275c581469d17815434748c7	345	Sprite	School_Chat_Image_Line	4069436
c1265c5c275c581469d17815434748c7	346	Sprite	Common_Line_Raius20px	4069436
c1265c5c275c581469d17815434748c7	347	Sprite	Currency_Icon_ArenaTicket	4069436
c1265c5c275c581469d17815434748c7	348	Sprite	Currency_Icon_TimeAttackTicket	4069436
c1265c5c275c581469d17815434748c7	349	Sprite	Common_Bg_Paper	4069436
c1265c5c275c581469d17815434748c7	350	Sprite	Common_Btn_Pin_01	4069436
c1265c5c275c581469d17815434748c7	351	Sprite	Card_Item_Bg_SSR	4069436
c1265c5c275c581469d17815434748c7	352	Sprite	Card_Select_Line_Type02	4069436
c1265c5c275c581469d17815434748c7	353	Sprite	Card_Bg_N	4069436
c1265c5c275c581469d17815434748c7	354	Sprite	Common_Icon_Inventory_NonEquip	4069436
c1265c5c275c581469d17815434748c7	355	Sprite	Common_Top_Menu_Bg	4069436
c1265c5c275c581469d17815434748c7	356	Sprite	Common_Top_Option_Btn	4069436
c1265c5c275c581469d17815434748c7	357	Sprite	Campaign_Image_SkipBg	4069436
c1265c5c275c581469d17815434748c7	358	Sprite	Common_Icon_Cafe	4069436
c1265c5c275c581469d17815434748c7	359	Sprite	Common_Gauge_Voiceroom	4069436
c1265c5c275c581469d17815434748c7	360	Sprite	Cafe_Icon_Interaction	4069436
c1265c5c275c581469d17815434748c7	361	Sprite	Common_Empty	4069436
c1265c5c275c581469d17815434748c7	362	Sprite	PermanentRaid_Icon_BossSelect	4069436
c1265c5c275c581469d17815434748c7	363	Sprite	Common_Icon_Stamina	4069436
c1265c5c275c581469d17815434748c7	364	Sprite	Common_Btn_Radio_On	4069436
c1265c5c275c581469d17815434748c7	365	Sprite	Strategy_Parcel_Corner	4069436
c1265c5c275c581469d17815434748c7	366	Sprite	Common_Icon_Pin_Detail	4069436
c1265c5c275c581469d17815434748c7	367	Sprite	Common_Line_Raius10px	4069436
c1265c5c275c581469d17815434748c7	368	Sprite	Common_Icon_Top	4069436
c1265c5c275c581469d17815434748c7	369	Sprite	Common_Return_Icon	4069436
c1265c5c275c581469d17815434748c7	370	Sprite	Cafe_Interaction_Gift_02	4069436
c1265c5c275c581469d17815434748c7	371	Sprite	Cafe_Interaction_Sweat	4069436
c1265c5c275c581469d17815434748c7	372	Sprite	Common_Collect_CardBG	4069436
c1265c5c275c581469d17815434748c7	373	Sprite	Ingame_Emo_AdaptresultSS	4069436
c1265c5c275c581469d17815434748c7	374	Sprite	Common_Icon_Healer	4069436
c1265c5c275c581469d17815434748c7	375	Sprite	Common_Icon_Vehicle	4069436
c1265c5c275c581469d17815434748c7	376	Sprite	Common_Circle_Back_Btn	4069436
c1265c5c275c581469d17815434748c7	377	Sprite	Common_Icon_Enemy_Champion	4069436
c1265c5c275c581469d17815434748c7	378	Sprite	Common_Skip_Icon	4069436
c1265c5c275c581469d17815434748c7	379	Sprite	Common_Icon_Leader	4069436
c1265c5c275c581469d17815434748c7	380	Sprite	ImgFont_Middle	4069436
c1265c5c275c581469d17815434748c7	381	Sprite	Common_Icon_Check_Y_Off	4069436
c1265c5c275c581469d17815434748c7	382	Sprite	Common_halfslash_W_Bg	4069436
c1265c5c275c581469d17815434748c7	383	Sprite	Common_Collect_Card_Tag	4069436
c1265c5c275c581469d17815434748c7	384	Sprite	Common_Icon_MemoryLobby	4069436
c1265c5c275c581469d17815434748c7	385	Sprite	Common_Icon_Option	4069436
c1265c5c275c581469d17815434748c7	386	Sprite	Loading_o	4069436
c1265c5c275c581469d17815434748c7	387	Sprite	Common_Icon_Heart	4069436
c1265c5c275c581469d17815434748c7	388	Sprite	PermanentRaid_Img_RankBg	4069436
c1265c5c275c581469d17815434748c7	389	Sprite	Tutorial_Arrow_Head	4069436
c1265c5c275c581469d17815434748c7	390	Sprite	Formation_TextInfo_Bg	4069436
c1265c5c275c581469d17815434748c7	391	Sprite	Common_Icon_Shop	4069436
c1265c5c275c581469d17815434748c7	392	Sprite	Campaign_Icon_Release	4069436
c1265c5c275c581469d17815434748c7	393	Sprite	Common_Icon_CharacterWeapon_on	4069436
c1265c5c275c581469d17815434748c7	394	Sprite	Common_Icon_ChaserCoin	4069436
c1265c5c275c581469d17815434748c7	395	Sprite	Skill_Icon_Bg	4069436
c1265c5c275c581469d17815434748c7	396	Sprite	Common_Icon_Menu_Small	4069436
c1265c5c275c581469d17815434748c7	397	Sprite	Campaign_Info_Bg	4069436
c1265c5c275c581469d17815434748c7	398	Sprite	Common_Tooltip_Bg	4069436
c1265c5c275c581469d17815434748c7	399	Sprite	Common_Icon_RankInfo	4069436
c1265c5c275c581469d17815434748c7	400	Sprite	Common_Tooltip_Arrow	4069436
c1265c5c275c581469d17815434748c7	401	Sprite	Attacklist_Icon_Clear	4069436
c1265c5c275c581469d17815434748c7	402	Sprite	Common_Icon_Map	4069436
c1265c5c275c581469d17815434748c7	403	Sprite	Currency_Icon_RecruitTicket_Selection_0	4069436
c1265c5c275c581469d17815434748c7	404	Sprite	Common_UIHide_Icon2	4069436
c1265c5c275c581469d17815434748c7	405	Sprite	Common_Icon_Formation_Star_Disable	4069436
c1265c5c275c581469d17815434748c7	406	Sprite	Loading_Halo_2	4069436
c1265c5c275c581469d17815434748c7	407	Sprite	Common_Option_Sound_Full	4069436
c1265c5c275c581469d17815434748c7	408	Sprite	Common_Formation_Image_Using	4069436
c1265c5c275c581469d17815434748c7	409	Sprite	Common_Balloon_LargeType	4069436
c1265c5c275c581469d17815434748c7	410	Sprite	Common_Icon_IDCard	4069436
c1265c5c275c581469d17815434748c7	411	Sprite	Currency_Icon_EliminateRaidTicketC	4069436
c1265c5c275c581469d17815434748c7	412	Sprite	Common_Icon_Event_Token_Special_0	4069436
c1265c5c275c581469d17815434748c7	413	Sprite	Common_Icon_RemainTurn	4069436
c1265c5c275c581469d17815434748c7	414	Sprite	Common_Bg_Pin_Detail_01	4069436
c1265c5c275c581469d17815434748c7	415	Sprite	Currency_Icon_RecruitTicket_Academy_3Star_10	4069436
c1265c5c275c581469d17815434748c7	416	Sprite	Combat_Icon_Cover_Ally 1	4069436
c1265c5c275c581469d17815434748c7	417	Sprite	Common_Icon_Street	4069436
c1265c5c275c581469d17815434748c7	418	Sprite	ShiftingCraftItem_2	4069436
c1265c5c275c581469d17815434748c7	419	Sprite	Currency_Icon_SchoolBTicket	4069436
c1265c5c275c581469d17815434748c7	420	Sprite	Common_StageList_subIcon	4069436
c1265c5c275c581469d17815434748c7	421	Sprite	Common_Shop_Tag_DayLimit	4069436
c1265c5c275c581469d17815434748c7	422	Sprite	Common_Icon_Craft	4069436
c1265c5c275c581469d17815434748c7	423	Sprite	Currency_Icon_ChaserBTicket	4069436
c1265c5c275c581469d17815434748c7	424	Sprite	Common_Icon_Newbie	4069436
c1265c5c275c581469d17815434748c7	425	Sprite	Common_Filter_Tab_Type1_Pressed	4069436
c131bb40da852a74ea89e866e77a7c28	1	Texture2D	indicator27	37348
c131bb40da852a74ea89e866e77a7c28	2	Sprite	indicator27	37348
c13f65920007cbd4e8bf89aadd4e4867	1	Texture2D	icon_ial_circle	21416
c13f65920007cbd4e8bf89aadd4e4867	2	Sprite	icon_ial_circle	21416
c214597fb57374644bb1dcd18d89f938	1	GameObject	Window	6832
c214597fb57374644bb1dcd18d89f938	2	GameObject	CloseButton	6832
c214597fb57374644bb1dcd18d89f938	3	GameObject	Overlay	6832
c214597fb57374644bb1dcd18d89f938	4	GameObject	Contents	6832
c214597fb57374644bb1dcd18d89f938	5	GameObject	BackButton	6832
c214597fb57374644bb1dcd18d89f938	6	GameObject	NXPEventBuilderView	6832
c2fc4d683d351b642a3c95411cfd089c	1	GameObject	VariableNameMask	6760
c2fc4d683d351b642a3c95411cfd089c	2	GameObject	ObjectReferenceField	6760
c2fc4d683d351b642a3c95411cfd089c	3	GameObject	InputField	6760
c2fc4d683d351b642a3c95411cfd089c	4	GameObject	ReferenceName	6760
c2fc4d683d351b642a3c95411cfd089c	5	GameObject	VariableName	6760
c2fc4d683d351b642a3c95411cfd089c	6	GameObject	InspectReferenceButton	6760
c2fc4d683d351b642a3c95411cfd089c	7	GameObject	ReferencePicker	6760
c3199786c10bd5341aae6b2db28c8036	1	Texture2D	icon_drug_72	46356
c3199786c10bd5341aae6b2db28c8036	2	Sprite	icon_drug_72	46356
c3ae194a8f01af74f85a3326b5c7ac16	1	Texture2D	indicator15	37184
c3ae194a8f01af74f85a3326b5c7ac16	2	Sprite	indicator15	37184
c3b75bd4d9d01794899c06b83cdc14e2	1	GameObject	Title	5808
c3b75bd4d9d01794899c06b83cdc14e2	2	GameObject	VerticalSeparator	5808
c3b75bd4d9d01794899c06b83cdc14e2	3	GameObject	ViewDetail	5808
c3b75bd4d9d01794899c06b83cdc14e2	4	GameObject	NXPTermsListItem	5808
c3ed7f199eb66af43bb2be46269a3b13	1	Texture2D	icon_default_07	7192
c3ed7f199eb66af43bb2be46269a3b13	2	Sprite	icon_default_07	7192
c41005c129ba4d66911b75229fd70b45	1	Material	TextMeshPro/Sprite	7496
c45821be0997cd94095d3762cebd1ace	1	Texture2D	icon_15_72	46356
c45821be0997cd94095d3762cebd1ace	2	Sprite	icon_15_72	46356
c53822391b72073479b061ed20bfdfca	1	Texture2D	icon_default_30	6324
c53822391b72073479b061ed20bfdfca	2	Sprite	icon_default_30	6324
c5ce82bfc5f4dd946a7339b9d7c8b540	1	GameObject	Text	11364
c5ce82bfc5f4dd946a7339b9d7c8b540	2	GameObject	VariableName	11364
c5ce82bfc5f4dd946a7339b9d7c8b540	3	GameObject	WInputField	11364
c5ce82bfc5f4dd946a7339b9d7c8b540	4	GameObject	YLabel	11364
c5ce82bfc5f4dd946a7339b9d7c8b540	5	GameObject	WLabel	11364
c5ce82bfc5f4dd946a7339b9d7c8b540	6	GameObject	RectField	11364
c5ce82bfc5f4dd946a7339b9d7c8b540	7	GameObject	Text	11364
c5ce82bfc5f4dd946a7339b9d7c8b540	8	GameObject	Text	11364
c5ce82bfc5f4dd946a7339b9d7c8b540	9	GameObject	HInputField	11364
c5ce82bfc5f4dd946a7339b9d7c8b540	10	GameObject	XInputField	11364
c5ce82bfc5f4dd946a7339b9d7c8b540	11	GameObject	YInputField	11364
c5ce82bfc5f4dd946a7339b9d7c8b540	12	GameObject	HLabel	11364
c5ce82bfc5f4dd946a7339b9d7c8b540	13	GameObject	XLabel	11364
c5ce82bfc5f4dd946a7339b9d7c8b540	14	GameObject	Text	11364
c5ce82bfc5f4dd946a7339b9d7c8b540	15	GameObject	VariableNameMask	11364
c7be3cbab0b658b4d8eac7423be37daa	1	Texture2D	icon_hover_08	6268
c7be3cbab0b658b4d8eac7423be37daa	2	Sprite	icon_hover_08	6268
c800e9c0a6b479940b4328c7a8d8a1d6	1	Texture2D	popup btn close_black_01	9332
c800e9c0a6b479940b4328c7a8d8a1d6	2	Sprite	popup btn close_black_01	9332
c93362735a5794b44a6125df6638431d	1	Texture2D	Popup_Img_Deco_1	135292
c959b04ba041d1542ab4e67cb781aad6	1	Texture2D	SearchIcon	8956
c959b04ba041d1542ab4e67cb781aad6	2	Sprite	SearchIcon	8956
ca18b419eb59c1f42bb918f3b14e7008	1	Texture2D	indicator59	37076
ca18b419eb59c1f42bb918f3b14e7008	2	Sprite	indicator59	37076
ca3e294656861a64b8aeeb9f916da0a9	1	GameObject	DebugUIVBox	4532
ca7530c3e9a71054a856cd460136ac9c	1	Texture2D	@ popup btn close_white_hover_01	9348
ca7530c3e9a71054a856cd460136ac9c	2	Sprite	@ popup btn close_white_hover_01	9348
ca97808c0e998d84b8f36d663c9831ba	1	Material	Font Material	2979462
ca97808c0e998d84b8f36d663c9831ba	2	Texture2D	Font Texture	2979462
cac531af401765142b26d2e5dfd7410c	1	AnimationClip	UIAni_Toast_Notice_Center	6944
cbd657507d73a1e44b2fcb9a16c5dcd1	1	GameObject	CancelButton	9008
cbd657507d73a1e44b2fcb9a16c5dcd1	2	GameObject	Window	9008
cbd657507d73a1e44b2fcb9a16c5dcd1	3	GameObject	CancelText	9008
cbd657507d73a1e44b2fcb9a16c5dcd1	4	GameObject	MessageParent	9008
cbd657507d73a1e44b2fcb9a16c5dcd1	5	GameObject	ButtonGroup	9008
cbd657507d73a1e44b2fcb9a16c5dcd1	6	GameObject	ConfirmButton	9008
cbd657507d73a1e44b2fcb9a16c5dcd1	7	GameObject	Title	9008
cbd657507d73a1e44b2fcb9a16c5dcd1	8	GameObject	Message	9008
cbd657507d73a1e44b2fcb9a16c5dcd1	9	GameObject	NXPWebViewAlert	9008
cbd657507d73a1e44b2fcb9a16c5dcd1	10	GameObject	Overlay	9008
cbd657507d73a1e44b2fcb9a16c5dcd1	11	GameObject	ConfirmText	9008
cc304401a8308d846953e4e4568cf702	1	Material	FX_MAT_TouchFXTrail	4388
cd234c93ac783404b97773d7431dccdf	1	Texture2D	popup btn close_black_hover_01	9348
cd234c93ac783404b97773d7431dccdf	2	Sprite	popup btn close_black_hover_01	9348
cd8e4bac702bc15449e0e9b0fd12b1e9	1	GameObject	Overlay	11520
cd8e4bac702bc15449e0e9b0fd12b1e9	2	GameObject	Description	11520
cd8e4bac702bc15449e0e9b0fd12b1e9	3	GameObject	CloseButton	11520
cd8e4bac702bc15449e0e9b0fd12b1e9	4	GameObject	CancelText	11520
cd8e4bac702bc15449e0e9b0fd12b1e9	5	GameObject	Contents	11520
cd8e4bac702bc15449e0e9b0fd12b1e9	6	GameObject	ButtonGroup	11520
cd8e4bac702bc15449e0e9b0fd12b1e9	7	GameObject	Title	11520
cd8e4bac702bc15449e0e9b0fd12b1e9	8	GameObject	Window	11520
cd8e4bac702bc15449e0e9b0fd12b1e9	9	GameObject	ConfirmText	11520
cd8e4bac702bc15449e0e9b0fd12b1e9	10	GameObject	Header	11520
cd8e4bac702bc15449e0e9b0fd12b1e9	11	GameObject	CancelButton	11520
cd8e4bac702bc15449e0e9b0fd12b1e9	12	GameObject	BackButton	11520
cd8e4bac702bc15449e0e9b0fd12b1e9	13	GameObject	NXPUserConsentConfirmView	11520
cd8e4bac702bc15449e0e9b0fd12b1e9	14	GameObject	ConfirmButton	11520
cd99b3dc15ca7874fbcf76f67c7fe3d7	1	TextAsset	FundLaw_Jp	5156
cddd9a8e44d53ab4e98bda8b6bc32c6d	1	Material	FX_MAT_Smoke_RGB_09a_BattleSkip	6052
cded269da6dac714c9596c79328cbb01	1	Texture2D	FX_TEX_Conquest_Boarderline_02	8332
cdf9c49261e97934599d945ba54ffa1d	1	Texture2D	icon_default_01	6152
cdf9c49261e97934599d945ba54ffa1d	2	Sprite	icon_default_01	6152
ce23da6c67cc52d4185493d748ecd882	1	GameObject	Grid	4608
ce23da6c67cc52d4185493d748ecd882	2	GameObject	default	4608
ce347ad101f41ee4ab5c3fbc0ea447db	1	GameObject	Checkmark	5916
ce347ad101f41ee4ab5c3fbc0ea447db	2	GameObject	Text	5916
ce347ad101f41ee4ab5c3fbc0ea447db	3	GameObject	DebugUIToggle	5916
ce347ad101f41ee4ab5c3fbc0ea447db	4	GameObject	Toggle	5916
ce347ad101f41ee4ab5c3fbc0ea447db	5	GameObject	Background	5916
ce481b9d0caf5994fa45b6cf4a0bcac8	1	Texture2D	icon_default_05	6260
ce481b9d0caf5994fa45b6cf4a0bcac8	2	Sprite	icon_default_05	6260
ceda4559bf775874c97afa8cb0473cda	1	Texture2D	MultiFloorRaid_FloorList_00001_2	270236
cf63ecd81638c2049b096cb0e3770821	1	Texture2D	icon_logo_naver	46500
cf63ecd81638c2049b096cb0e3770821	2	Sprite	icon_logo_naver	46500
cf659be3fea5a3c4b859a24d689d64c9	1	Texture2D	bg_toggle_rounded	9972
cf659be3fea5a3c4b859a24d689d64c9	2	Sprite	bg_toggle_rounded	9972
cf6cbdd672089a84796e55a21fed1cbe	1	GameObject	DebugUICanvas	7656
cf9ca5461ddaa2e4995e20d6845e1694	1	Texture2D	Image_Campaign_Boss	8096
cfb265e2a1623e24b8c0386a71e1c9a5	1	Texture2D	MultiFloorRaid_LobbyImg_00003	560748
d050ca43f274f794698bc12486a3b8ac	1	Texture2D	icon_talk	8388
d050ca43f274f794698bc12486a3b8ac	2	Sprite	icon_talk	8388
d0909e101f0f5094f9c8f975f016775b	1	Texture2D	indicator46	37200
d0909e101f0f5094f9c8f975f016775b	2	Sprite	indicator46	37200
d09f5ca5f38bf6c488ec356d10b6fc80	1	Texture2D	MultiFloorRaid_Minimap_00002	35784
d109954d5aa7f644ea67f43073358e3d	1	Texture2D	FX_TEX_Triangle_02_1	19360
d15179b2e4bb22b4ea6fa2dc644f5228	1	Texture2D	icon_check_enabled	5272
d15179b2e4bb22b4ea6fa2dc644f5228	2	Sprite	icon_check_enabled	5272
d186120f144d09d45ba22c7c40225f5a	1	Texture2D	Campaign_Imgfont_RankA	12628
d226a406a08299148a0a0d13a5d05e99	1	Texture2D	MultiFloorRaid_FloorBoss_00003_3	1777164
d32ac044f52af39439c7c2ec935e2ca1	1	GameObject	Label	9488
d32ac044f52af39439c7c2ec935e2ca1	2	GameObject	NXPTodayView	9488
d32ac044f52af39439c7c2ec935e2ca1	3	GameObject	DoNotShowTodayToggle	9488
d32ac044f52af39439c7c2ec935e2ca1	4	GameObject	CloseButton	9488
d32ac044f52af39439c7c2ec935e2ca1	5	GameObject	Overlay	9488
d32ac044f52af39439c7c2ec935e2ca1	6	GameObject	Header	9488
d32ac044f52af39439c7c2ec935e2ca1	7	GameObject	Title	9488
d32ac044f52af39439c7c2ec935e2ca1	8	GameObject	Image	9488
d32ac044f52af39439c7c2ec935e2ca1	9	GameObject	Checkmark	9488
d32ac044f52af39439c7c2ec935e2ca1	10	GameObject	Window	9488
d32ac044f52af39439c7c2ec935e2ca1	11	GameObject	Contents	9488
d32ac044f52af39439c7c2ec935e2ca1	12	GameObject	BackButton	9488
d32ac044f52af39439c7c2ec935e2ca1	13	GameObject	Background	9488
d39ad26c554f1a04d870956f7fac6fd8	1	GameObject	Viewport	6472
d39ad26c554f1a04d870956f7fac6fd8	2	GameObject	Handle	6472
d39ad26c554f1a04d870956f7fac6fd8	3	GameObject	RuntimeInspector	6472
d39ad26c554f1a04d870956f7fac6fd8	4	GameObject	Scrollbar Vertical	6472
d39ad26c554f1a04d870956f7fac6fd8	5	GameObject	ScrollView	6472
d39ad26c554f1a04d870956f7fac6fd8	6	GameObject	Content	6472
d39ad26c554f1a04d870956f7fac6fd8	7	GameObject	Sliding Area	6472
d42c61656d447d641b2278974f9ea0f8	1	Texture2D	common_titlebar_back_pressed	9720
d46700a584a7dab4f9e3e19859927b63	1	Texture2D	popup btn close_black_press_01	9348
d46700a584a7dab4f9e3e19859927b63	2	Sprite	popup btn close_black_press_01	9348
d47f009476100f545971a81ede14c750	1	GameObject	Float	10552
d47f009476100f545971a81ede14c750	2	GameObject	Float	10552
d47f009476100f545971a81ede14c750	3	GameObject	W	10552
d47f009476100f545971a81ede14c750	4	GameObject	Y	10552
d47f009476100f545971a81ede14c750	5	GameObject	Text	10552
d47f009476100f545971a81ede14c750	6	GameObject	X	10552
d47f009476100f545971a81ede14c750	7	GameObject	Header	10552
d47f009476100f545971a81ede14c750	8	GameObject	Text	10552
d47f009476100f545971a81ede14c750	9	GameObject	Arrow Closed	10552
d47f009476100f545971a81ede14c750	10	GameObject	Text	10552
d47f009476100f545971a81ede14c750	11	GameObject	Float	10552
d47f009476100f545971a81ede14c750	12	GameObject	Arrow Opened	10552
d47f009476100f545971a81ede14c750	13	GameObject	Text	10552
d47f009476100f545971a81ede14c750	14	GameObject	Float	10552
d47f009476100f545971a81ede14c750	15	GameObject	DebugUIVector4	10552
d47f009476100f545971a81ede14c750	16	GameObject	Text	10552
d47f009476100f545971a81ede14c750	17	GameObject	Z	10552
d47f009476100f545971a81ede14c750	18	GameObject	Content	10552
d489415442e771a4fa297e1f25e533b6	1	Texture2D	btn_account_line	11252
d489415442e771a4fa297e1f25e533b6	2	Sprite	btn_account_line	11252
d49e78756811bfa4aafb8b6535417991	1	Texture2D	UIElement8px	4936
d49e78756811bfa4aafb8b6535417991	2	Sprite	UIElement8px	4936
d4e061d3e323f97428d55dd6a96b0c11	1	Texture2D	indicator58	37128
d4e061d3e323f97428d55dd6a96b0c11	2	Sprite	indicator58	37128
d52b4b2c37415fa4db3e7f77666635fc	1	Texture2D	FX_TEX_Smoke_RGB_01	15040
d6e560fffceaa004fbe6805b6e069d8b	1	GameObject	CrashReporter	4256
d716cf2d2500d05409973a6c5cbcbc1f	1	Texture2D	icon_default_19	6396
d716cf2d2500d05409973a6c5cbcbc1f	2	Sprite	icon_default_19	6396
d78e5e0bec1c84d42972d59dceeefb19	1	Material	MALGUN SDF Material	17753380
d78e5e0bec1c84d42972d59dceeefb19	2	Texture2D	MALGUN SDF Atlas	17753380
d82c1b31c7e74239bff1220585707d2b	1	TextAsset	LineBreaking Leading Characters	4232
d8c744701b43c864b88e7f8144e19bc5	1	GameObject	DebugUIFloatField	8360
d8c744701b43c864b88e7f8144e19bc5	2	GameObject	Text	8360
d8c744701b43c864b88e7f8144e19bc5	3	GameObject	Float	8360
d8c744701b43c864b88e7f8144e19bc5	4	GameObject	>	8360
d8c744701b43c864b88e7f8144e19bc5	5	GameObject	<	8360
d8c744701b43c864b88e7f8144e19bc5	6	GameObject	Panel	8360
d8c744701b43c864b88e7f8144e19bc5	7	GameObject	<<<	8360
d8c744701b43c864b88e7f8144e19bc5	8	GameObject	>>>	8360
d8f22f28e2a66d845832c274b8da93a9	1	Texture2D	icon_default_09	6060
d8f22f28e2a66d845832c274b8da93a9	2	Sprite	icon_default_09	6060
d975417ed3cb28145ab5a096e9f5e498	1	GameObject	image	4752
d975417ed3cb28145ab5a096e9f5e498	2	GameObject	ProgressBar	4752
d9d5a77c99e3fa840a9096e45f3cf1e5	1	TextAsset	values-pt-rBR	67128
da0ea53798fb78644b210c55fa8fa040	1	GameObject	Widget	29456
da0ea53798fb78644b210c55fa8fa040	2	GameObject	Icon	29456
da0ea53798fb78644b210c55fa8fa040	3	GameObject	Star_3	29456
da0ea53798fb78644b210c55fa8fa040	4	GameObject	Icon	29456
da0ea53798fb78644b210c55fa8fa040	5	GameObject	Icon	29456
da0ea53798fb78644b210c55fa8fa040	6	GameObject	Grid	29456
da0ea53798fb78644b210c55fa8fa040	7	GameObject	Icon	29456
da0ea53798fb78644b210c55fa8fa040	8	GameObject	BG (2)	29456
da0ea53798fb78644b210c55fa8fa040	9	GameObject	Story	29456
da0ea53798fb78644b210c55fa8fa040	10	GameObject	Star_3 (1)	29456
da0ea53798fb78644b210c55fa8fa040	11	GameObject	Team_1	29456
da0ea53798fb78644b210c55fa8fa040	12	GameObject	TeamNum	29456
da0ea53798fb78644b210c55fa8fa040	13	GameObject	Sprite	29456
da0ea53798fb78644b210c55fa8fa040	14	GameObject	Label_Locale	29456
da0ea53798fb78644b210c55fa8fa040	15	GameObject	Team	29456
da0ea53798fb78644b210c55fa8fa040	16	GameObject	BattleStar	29456
da0ea53798fb78644b210c55fa8fa040	17	GameObject	BG	29456
da0ea53798fb78644b210c55fa8fa040	18	GameObject	Grid	29456
da0ea53798fb78644b210c55fa8fa040	19	GameObject	Star_1 (1)	29456
da0ea53798fb78644b210c55fa8fa040	20	GameObject	Team_3	29456
da0ea53798fb78644b210c55fa8fa040	21	GameObject	Team_2	29456
da0ea53798fb78644b210c55fa8fa040	22	GameObject	Team	29456
da0ea53798fb78644b210c55fa8fa040	23	GameObject	SelectIcon	29456
da0ea53798fb78644b210c55fa8fa040	24	GameObject	Icon	29456
da0ea53798fb78644b210c55fa8fa040	25	GameObject	Team	29456
da0ea53798fb78644b210c55fa8fa040	26	GameObject	Team_2	29456
da0ea53798fb78644b210c55fa8fa040	27	GameObject	Boss	29456
da0ea53798fb78644b210c55fa8fa040	28	GameObject	Icon	29456
da0ea53798fb78644b210c55fa8fa040	29	GameObject	Battle_Limit	29456
da0ea53798fb78644b210c55fa8fa040	30	GameObject	Widget	29456
da0ea53798fb78644b210c55fa8fa040	31	GameObject	Team_3	29456
da0ea53798fb78644b210c55fa8fa040	32	GameObject	Icon	29456
da0ea53798fb78644b210c55fa8fa040	33	GameObject	Star_2	29456
da0ea53798fb78644b210c55fa8fa040	34	GameObject	Team_3	29456
da0ea53798fb78644b210c55fa8fa040	35	GameObject	BG (2)	29456
da0ea53798fb78644b210c55fa8fa040	36	GameObject	Story	29456
da0ea53798fb78644b210c55fa8fa040	37	GameObject	BG (1)	29456
da0ea53798fb78644b210c55fa8fa040	38	GameObject	Team_2	29456
da0ea53798fb78644b210c55fa8fa040	39	GameObject	Leader	29456
da0ea53798fb78644b210c55fa8fa040	40	GameObject	Grid	29456
da0ea53798fb78644b210c55fa8fa040	41	GameObject	BG	29456
da0ea53798fb78644b210c55fa8fa040	42	GameObject	BG (3)	29456
da0ea53798fb78644b210c55fa8fa040	43	GameObject	BG (1)	29456
da0ea53798fb78644b210c55fa8fa040	44	GameObject	BG	29456
da0ea53798fb78644b210c55fa8fa040	45	GameObject	BG (2)	29456
da0ea53798fb78644b210c55fa8fa040	46	GameObject	Icon	29456
da0ea53798fb78644b210c55fa8fa040	47	GameObject	Grid	29456
da0ea53798fb78644b210c55fa8fa040	48	GameObject	Star_2 (1)	29456
da0ea53798fb78644b210c55fa8fa040	49	GameObject	HexaUI_Conquest_UnitInfo	29456
da0ea53798fb78644b210c55fa8fa040	50	GameObject	Team_1	29456
da0ea53798fb78644b210c55fa8fa040	51	GameObject	Icon	29456
da0ea53798fb78644b210c55fa8fa040	52	GameObject	Leader	29456
da0ea53798fb78644b210c55fa8fa040	53	GameObject	Icon	29456
da0ea53798fb78644b210c55fa8fa040	54	GameObject	Icon	29456
da0ea53798fb78644b210c55fa8fa040	55	GameObject	BG (3)	29456
da0ea53798fb78644b210c55fa8fa040	56	GameObject	Icon	29456
da0ea53798fb78644b210c55fa8fa040	57	GameObject	Star_1	29456
da0ea53798fb78644b210c55fa8fa040	58	GameObject	BG (1)	29456
da0ea53798fb78644b210c55fa8fa040	59	GameObject	Boss	29456
da0ea53798fb78644b210c55fa8fa040	60	GameObject	Team_1	29456
da0ea53798fb78644b210c55fa8fa040	61	GameObject	Icon	29456
da0ea53798fb78644b210c55fa8fa040	62	GameObject	Story	29456
da529cfbadf05c340abc146d88f18840	1	Texture2D	btn_account_twitter	11588
da529cfbadf05c340abc146d88f18840	2	Sprite	btn_account_twitter	11588
daa46a58178a6ad41ae1ddc2dc7f856d	1	GameObject	Sliding Area	13832
daa46a58178a6ad41ae1ddc2dc7f856d	2	GameObject	Handle	13832
daa46a58178a6ad41ae1ddc2dc7f856d	3	GameObject	Scrollbar Horizontal	13832
daa46a58178a6ad41ae1ddc2dc7f856d	4	GameObject	DebugUIPanel	13832
daa46a58178a6ad41ae1ddc2dc7f856d	5	GameObject	Content	13832
daa46a58178a6ad41ae1ddc2dc7f856d	6	GameObject	Handle	13832
daa46a58178a6ad41ae1ddc2dc7f856d	7	GameObject	Header	13832
daa46a58178a6ad41ae1ddc2dc7f856d	8	GameObject	Scrollbar Vertical	13832
daa46a58178a6ad41ae1ddc2dc7f856d	9	GameObject	Sliding Area	13832
daa46a58178a6ad41ae1ddc2dc7f856d	10	GameObject	Viewport	13832
daa46a58178a6ad41ae1ddc2dc7f856d	11	GameObject	Scroll View	13832
daa46a58178a6ad41ae1ddc2dc7f856d	12	GameObject	Previous	13832
daa46a58178a6ad41ae1ddc2dc7f856d	13	GameObject	Title	13832
daa46a58178a6ad41ae1ddc2dc7f856d	14	GameObject	Panel	13832
daa46a58178a6ad41ae1ddc2dc7f856d	15	GameObject	Text	13832
daa46a58178a6ad41ae1ddc2dc7f856d	16	GameObject	Next	13832
daa46a58178a6ad41ae1ddc2dc7f856d	17	GameObject	Reset Button	13832
daa46a58178a6ad41ae1ddc2dc7f856d	18	GameObject	Footer	13832
daa46a58178a6ad41ae1ddc2dc7f856d	19	GameObject	Panel	13832
daa46a58178a6ad41ae1ddc2dc7f856d	20	GameObject	Text	13832
daa46a58178a6ad41ae1ddc2dc7f856d	21	GameObject	Text	13832
dab3ce7ffb333cd4ba37f8159d377658	1	Material	FX_MAT_Touch_Cross2	4476
dae5843452680fd43830b6c26d949462	1	GameObject	NXPUserConsentListItem	9776
dae5843452680fd43830b6c26d949462	2	GameObject	UnderLine	9776
dae5843452680fd43830b6c26d949462	3	GameObject	Background	9776
dae5843452680fd43830b6c26d949462	4	GameObject	DescriptionLayout	9776
dae5843452680fd43830b6c26d949462	5	GameObject	ViewDetail	9776
dae5843452680fd43830b6c26d949462	6	GameObject	ActiveToggle	9776
dae5843452680fd43830b6c26d949462	7	GameObject	TitleLayout	9776
dae5843452680fd43830b6c26d949462	8	GameObject	VerticalSeparator	9776
dae5843452680fd43830b6c26d949462	9	GameObject	Description	9776
dae5843452680fd43830b6c26d949462	10	GameObject	Selected	9776
dae5843452680fd43830b6c26d949462	11	GameObject	Text	9776
dae5843452680fd43830b6c26d949462	12	GameObject	Title	9776
db37b9c0015112e4fa74feac29f105dd	1	Texture2D	icon_uncheck_disabled	5248
db37b9c0015112e4fa74feac29f105dd	2	Sprite	icon_uncheck_disabled	5248
dbdb4d3f8c0a8c046bc0435ab05d2770	1	Texture2D	ui_border_20px_filled	21256
dbdb4d3f8c0a8c046bc0435ab05d2770	2	Sprite	ui_border_20px_filled	21256
dbedecdb702c5444e846f5632dc01d54	1	Texture2D	indicator05	37136
dbedecdb702c5444e846f5632dc01d54	2	Sprite	indicator05	37136
dc0f88987826e6e48b1fe9c7c2b53a53	1	GameObject	DebugUIValue	5064
dc0f88987826e6e48b1fe9c7c2b53a53	2	GameObject	Text	5064
dc0f88987826e6e48b1fe9c7c2b53a53	3	GameObject	Value	5064
dc6c99ef010462949be7c6a4420501b2	1	GameObject	TransparentBackground	6264
dc6c99ef010462949be7c6a4420501b2	2	GameObject	ColorField	6264
dc6c99ef010462949be7c6a4420501b2	3	GameObject	ColorImage	6264
dc6c99ef010462949be7c6a4420501b2	4	GameObject	Color	6264
dc6c99ef010462949be7c6a4420501b2	5	GameObject	VariableName	6264
dc6c99ef010462949be7c6a4420501b2	6	GameObject	VariableNameMask	6264
dca9eb0e4a36ab748aeee91fb13d9e79	1	AnimationClip	UIAni_HexaUI_ConquestOpen	12816
ddf17c2fcb7f14c45b8ca16769d05e70	1	Texture2D	icon_uncheck_enabled	5272
ddf17c2fcb7f14c45b8ca16769d05e70	2	Sprite	icon_uncheck_enabled	5272
de66941ffa42ac34d8ea3e9c14dc6ef8	1	GameObject	Grid	4704
de66941ffa42ac34d8ea3e9c14dc6ef8	2	GameObject	default	4704
df0b4db43ed4c534a834acd071ae6a0a	1	Texture2D	ButtonBg	8828
df0b4db43ed4c534a834acd071ae6a0a	2	Sprite	ButtonBg	8828
dffef66376be4fa480fb02b19edbe903	1	Texture2D	EmojiOne	353764
e0f868b5ccd783840bb9c34fe8dbfcae	1	Texture2D	common_titlebar_back_normal	9720
e11121b8adae3d640800fb968cac04bb	1	Texture2D	icon_gambling_72	46368
e11121b8adae3d640800fb968cac04bb	2	Sprite	icon_gambling_72	46368
e15f89e31d9f67f44bd05e35b997555f	1	TextAsset	values-it	67084
e1b7091d0a1aeb547b39359aab9ee1ed	1	Texture2D	icon_delete_default	8468
e1b7091d0a1aeb547b39359aab9ee1ed	2	Sprite	icon_delete_default	8468
e3265ab4bf004d28a9537516768c1c75	1	Material	Font Material	356830
e3265ab4bf004d28a9537516768c1c75	2	Texture2D	Font Texture	356830
e34561c1c2bb8f74da9c4c8d92374920	1	Texture2D	ui_border_20px	21576
e34561c1c2bb8f74da9c4c8d92374920	2	Sprite	ui_border_20px	21576
e346df72c63b0f64d9500137dfbd6869	1	TextAsset	values-hi	97292
e3c4762ca17cac442b05fb843ad462f5	1	GameObject	Tile	4664
e3c4762ca17cac442b05fb843ad462f5	2	GameObject	default	4664
e3f15d83c8c225941ab96e5a4c79240f	1	Texture2D	indicator35	37348
e3f15d83c8c225941ab96e5a4c79240f	2	Sprite	indicator35	37348
e40b779f35985f24c8a9fb5da1dc8890	1	GameObject	BackButton	8192
e40b779f35985f24c8a9fb5da1dc8890	2	GameObject	Window	8192
e40b779f35985f24c8a9fb5da1dc8890	3	GameObject	Contents	8192
e40b779f35985f24c8a9fb5da1dc8890	4	GameObject	CloseButton	8192
e40b779f35985f24c8a9fb5da1dc8890	5	GameObject	Image	8192
e40b779f35985f24c8a9fb5da1dc8890	6	GameObject	NXPWebView	8192
e40b779f35985f24c8a9fb5da1dc8890	7	GameObject	DivideLine	8192
e40b779f35985f24c8a9fb5da1dc8890	8	GameObject	Overlay	8192
e40b779f35985f24c8a9fb5da1dc8890	9	GameObject	Header	8192
e40b779f35985f24c8a9fb5da1dc8890	10	GameObject	Title	8192
e4fa37987d110824780d48a836465bee	1	Texture2D	icon_horror_72	46368
e4fa37987d110824780d48a836465bee	2	Sprite	icon_horror_72	46368
e64da189c94f71341942a69d3f605d6d	1	GameObject	title	7252
e64da189c94f71341942a69d3f605d6d	2	GameObject	nxp_simple_list_view	7252
e64da189c94f71341942a69d3f605d6d	3	GameObject	prevBtn	7252
e64da189c94f71341942a69d3f605d6d	4	GameObject	background	7252
e64da189c94f71341942a69d3f605d6d	5	GameObject	title_bar_separator	7252
e64da189c94f71341942a69d3f605d6d	6	GameObject	simple_list_view	7252
e64da189c94f71341942a69d3f605d6d	7	GameObject	closeBtn	7252
e6557a8e2c254fdda88055a81c7f84ee	1	TextAsset	values-ar-rEG	82912
e673114a597b8cd45a007e7fd34eabd0	1	GameObject	Image	7124
e673114a597b8cd45a007e7fd34eabd0	2	GameObject	Text	7124
e673114a597b8cd45a007e7fd34eabd0	3	GameObject	INSIGN Wait Dialog	7124
e673114a597b8cd45a007e7fd34eabd0	4	GameObject	Text (1)	7124
e673114a597b8cd45a007e7fd34eabd0	5	GameObject	Cancel Button	7124
e673114a597b8cd45a007e7fd34eabd0	6	GameObject	Panel	7124
e673114a597b8cd45a007e7fd34eabd0	7	GameObject	Text	7124
e699cb3121b40bc418d79c0413451879	1	Texture2D	icon_hover_01	6152
e699cb3121b40bc418d79c0413451879	2	Sprite	icon_hover_01	6152
e73a58f6e2794ae7b1b7e50b7fb811b0	1	Material	LiberationSans SDF - Drop Shadow	5776
e767b1202b2acd14c86d53c293ef1aec	1	Material	Font Material	403510
e767b1202b2acd14c86d53c293ef1aec	2	Texture2D	Font Texture	403510
e7e38c60e7ed6894dac8bc088dbf20e7	1	Texture2D	icon_delete_disable	8468
e7e38c60e7ed6894dac8bc088dbf20e7	2	Sprite	icon_delete_disable	8468
e891e02527a11cd4097e25c162a2fd9c	1	Texture2D	icon_ial_xbox	129664
e891e02527a11cd4097e25c162a2fd9c	2	Sprite	icon_ial_xbox	129664
ea4a620ff1380054487db4de1a6bcbe6	1	Texture2D	icon_logo_google	46500
ea4a620ff1380054487db4de1a6bcbe6	2	Sprite	icon_logo_google	46500
ea4b25aa131b7124d90e53415085b928	1	Material	CurveLineMaterial	4980
eb353bee266978e4fac1429879c4461c	1	Texture2D	indicator20	37224
eb353bee266978e4fac1429879c4461c	2	Sprite	indicator20	37224
eb83be6f09edba54fa95ba312aabd046	1	GameObject	NXPConditionalBannerTimerView	4796
eb83be6f09edba54fa95ba312aabd046	2	GameObject	TimerText	4796
ec1fa87e6a361ec4baa62604f4ca8014	1	GameObject	Title	9196
ec1fa87e6a361ec4baa62604f4ca8014	2	GameObject	Window	9196
ec1fa87e6a361ec4baa62604f4ca8014	3	GameObject	NXPToyAlertDialog	9196
ec1fa87e6a361ec4baa62604f4ca8014	4	GameObject	Message	9196
ec1fa87e6a361ec4baa62604f4ca8014	5	GameObject	Text	9196
ec1fa87e6a361ec4baa62604f4ca8014	6	GameObject	Text	9196
ec1fa87e6a361ec4baa62604f4ca8014	7	GameObject	confirmButton	9196
ec1fa87e6a361ec4baa62604f4ca8014	8	GameObject	ButtonGroup	9196
ec1fa87e6a361ec4baa62604f4ca8014	9	GameObject	Overlay	9196
ec1fa87e6a361ec4baa62604f4ca8014	10	GameObject	cancelButton	9196
ec1fa87e6a361ec4baa62604f4ca8014	11	GameObject	MessageParent	9196
ec837e105f63f2e4a97cd440666209e3	1	Texture2D	Conquest	122548
ecb2838e12cba274f8dd4586b088a1f4	1	Texture2D	icon_default_11	6300
ecb2838e12cba274f8dd4586b088a1f4	2	Sprite	icon_default_11	6300
ece30f06425d1c44d90673a90a392e68	1	GameObject	Sprite	8888
ece30f06425d1c44d90673a90a392e68	2	GameObject	Right_Top	8888
ece30f06425d1c44d90673a90a392e68	3	GameObject	Sprite	8888
ece30f06425d1c44d90673a90a392e68	4	GameObject	Bottom	8888
ece30f06425d1c44d90673a90a392e68	5	GameObject	Label	8888
ece30f06425d1c44d90673a90a392e68	6	GameObject	Start_Btn	8888
ece30f06425d1c44d90673a90a392e68	7	GameObject	BG	8888
ece30f06425d1c44d90673a90a392e68	8	GameObject	Widget	8888
ece30f06425d1c44d90673a90a392e68	9	GameObject	UIFirstLogin	8888
ed434c772867ca34dae6f40ab6267fd5	1	Material	Combat	4376
edaf704925525454ba8fdc4529a28f0f	1	Texture2D	AccountSettings_Icon_Warning	118440
edaf704925525454ba8fdc4529a28f0f	2	Sprite	AccountSettings_Icon_Warning	118440
edcd82488e8fe2d4fbce7821018bd2b4	1	Texture2D	FX_TEX_Trail_03	69756
ee44820017d1d12468cf4ffa5dbbc0f3	1	GameObject	CommonBorder	4424
ee80fda317b8d0146a7d8de0317eeb5e	1	Texture2D	Login_Pad_BG	423400
eecf945fab29c924d99939038eaad058	1	Texture2D	common_blue_border	5756
eecf945fab29c924d99939038eaad058	2	Sprite	common_blue_border	5756
eee0c4d21eb87474d937e91cdaf5f6e0	1	GameObject	WindowsBanner	8980
eee0c4d21eb87474d937e91cdaf5f6e0	2	GameObject	Background	8980
eee0c4d21eb87474d937e91cdaf5f6e0	3	GameObject	WorkOnButton	8980
eee0c4d21eb87474d937e91cdaf5f6e0	4	GameObject	Window	8980
eee0c4d21eb87474d937e91cdaf5f6e0	5	GameObject	Checkmark	8980
eee0c4d21eb87474d937e91cdaf5f6e0	6	GameObject	Label	8980
eee0c4d21eb87474d937e91cdaf5f6e0	7	GameObject	BannerImage	8980
eee0c4d21eb87474d937e91cdaf5f6e0	8	GameObject	Close	8980
eee0c4d21eb87474d937e91cdaf5f6e0	9	GameObject	Toggle	8980
eee0c4d21eb87474d937e91cdaf5f6e0	10	GameObject	Text	8980
eee0c4d21eb87474d937e91cdaf5f6e0	11	GameObject	Background	8980
eefbcaebcb5da6744b9b207c6b887858	1	Texture2D	Student_Portrait_CH0069	27076
ef5136e5d0759c747a26dc5230fd38ab	1	Texture2D	icon_19_72	46296
ef5136e5d0759c747a26dc5230fd38ab	2	Sprite	icon_19_72	46296
ef7ba0ff3f69aba47b4ba4ab8da66027	1	Texture2D	nexonCiWhite	88324
ef7ba0ff3f69aba47b4ba4ab8da66027	2	Sprite	nexonCiWhite	88324
f050d16da9dcd524ba97ef6cc2e52100	1	Texture2D	icon_default_21	6480
f050d16da9dcd524ba97ef6cc2e52100	2	Sprite	icon_default_21	6480
f0e2e36d252020c4ba37dff75dbc3d6b	1	Texture2D	icon_logo_email	46500
f0e2e36d252020c4ba37dff75dbc3d6b	2	Sprite	icon_logo_email	46500
f0e524cb0ec98114b82b812df63951bc	1	Texture2D	icon arrow back_black_hover_02	9380
f0e524cb0ec98114b82b812df63951bc	2	Sprite	icon arrow back_black_hover_02	9380
f1a0f31504a684f4b8df65e33cc9d672	1	Texture2D	icon_logo_guest	46500
f1a0f31504a684f4b8df65e33cc9d672	2	Sprite	icon_logo_guest	46500
f1b7f22457014594b9050651e64e0cee	1	Texture2D	Popup_Image_Arona	72624
f22bcc84a5f4a1944b075a2c4ac71493	1	GameObject	DebugUIUIntField	8684
f22bcc84a5f4a1944b075a2c4ac71493	2	GameObject	Text	8684
f22bcc84a5f4a1944b075a2c4ac71493	3	GameObject	<<<	8684
f22bcc84a5f4a1944b075a2c4ac71493	4	GameObject	Panel	8684
f22bcc84a5f4a1944b075a2c4ac71493	5	GameObject	UInt	8684
f22bcc84a5f4a1944b075a2c4ac71493	6	GameObject	>	8684
f22bcc84a5f4a1944b075a2c4ac71493	7	GameObject	>>>	8684
f22bcc84a5f4a1944b075a2c4ac71493	8	GameObject	<	8684
f30fff4892411704da6bbdc7c20d19a9	1	GameObject	NXPGameInfoGrbRatingItem	4440
f3e870073e8920542bbcc6ed001b6536	1	Texture2D	Checkmark	8936
f3e870073e8920542bbcc6ed001b6536	2	Sprite	Checkmark	8936
f47f6b7fef347e649b24dbc3e0194c89	1	Texture2D	indicator57	37136
f47f6b7fef347e649b24dbc3e0194c89	2	Sprite	indicator57	37136
f483e3bb304f8464baf0782c3f2bfaf8	1	Texture2D	icon_default_23	6460
f483e3bb304f8464baf0782c3f2bfaf8	2	Sprite	icon_default_23	6460
f4890e51f01c6f44ea7ff17779ad29d5	1	Texture2D	icon_ial_nexon	129664
f4890e51f01c6f44ea7ff17779ad29d5	2	Sprite	icon_ial_nexon	129664
f49022b6ec5f14449a976832ec0d8006	1	Texture2D	IBeamCursor	13432
f490f240c86edf24f835197f3b6f7076	1	Texture2D	icon_test_72	46296
f490f240c86edf24f835197f3b6f7076	2	Sprite	icon_test_72	46296
f52dedbb3338138429607cf12f18690d	1	Texture2D	icon_hover_17	10268
f52dedbb3338138429607cf12f18690d	2	Sprite	icon_hover_17	10268
f577070d7be21e24e9ed69d3c5f2c20c	1	Texture2D	ColorSelector	5912
f577070d7be21e24e9ed69d3c5f2c20c	2	Sprite	ColorSelector	5912
f61d5ad937a3ae94d8a31a83f6c3ea19	1	Texture2D	icon_hover_23	6460
f61d5ad937a3ae94d8a31a83f6c3ea19	2	Sprite	icon_hover_23	6460
f62119aa814773842862e08d3d84e53b	1	GameObject	ItemInfo	5488
f62119aa814773842862e08d3d84e53b	2	GameObject	ItemTitle	5488
f62119aa814773842862e08d3d84e53b	3	GameObject	ItemName	5488
f62119aa814773842862e08d3d84e53b	4	GameObject	BottomLine	5488
f640d44d258a3ef46af84613fabdf3b9	1	Texture2D	img-play-none	24892
f640d44d258a3ef46af84613fabdf3b9	2	Sprite	img-play-none	24892
f6b1a0fe75d5009449cf55ae76220e2b	1	GameObject	DebugUI Persistent Panel	5064
f6b1a0fe75d5009449cf55ae76220e2b	2	GameObject	DebugUIPersistentCanvas	5064
f6ce33b91f6ffe54cadacbf4bb112440	1	GameObject	Text	5388
f6ce33b91f6ffe54cadacbf4bb112440	2	GameObject	DebugUIButton	5388
f71b599ebf431cf47a3bb98f4be91a23	1	Texture2D	@ popup btn close_black_press_02	9460
f71b599ebf431cf47a3bb98f4be91a23	2	Sprite	@ popup btn close_black_press_02	9460
f7eceb3fb84e2f647bc4c8d1aa66d26d	1	TextAsset	DefaultMemorySettings	4236
f7f5e36797cf0c1408561665c67b179b	1	GameObject	DebugUIHBox	4532
f858190320f49a9409e88727dc411d04	1	Texture2D	Campaign_Imgfont_Defeat	12740
f876f1b9e4c879646a76d10d990164a5	1	GameObject	Item	5008
f876f1b9e4c879646a76d10d990164a5	2	GameObject	NXPSettlementFundItemViewItemDetail	5008
f8dbaa7706e0c2b4a80cb7766b74b02e	1	Texture2D	common_titlebar_close_pressed	9724
f9643779de378bf419547987848e0759	1	Texture2D	icon_hover_30	6324
f9643779de378bf419547987848e0759	2	Sprite	icon_hover_30	6324
f9aa57ec677bb5a4a9bce08fae8eb006	1	Texture2D	icon_switch_h20_disable	5824
f9aa57ec677bb5a4a9bce08fae8eb006	2	Sprite	icon_switch_h20_disable	5824
f9d6f86e92bf32541a59e77402db62c1	1	Texture2D	InputFieldBg	8776
f9d6f86e92bf32541a59e77402db62c1	2	Sprite	InputFieldBg	8776
fab6c43f06f5ee74d9013851adda15a5	1	Texture2D	btn_cancel	10488
fab6c43f06f5ee74d9013851adda15a5	2	Sprite	btn_cancel	10488
fade42e8bc714b018fac513c043d323b	1	TextAsset	LineBreaking Following Characters	4412
faff1002558f6d74d86da0ae366c6072	1	GameObject	ClickArea	4756
fb93dafbec5a95742b987f906ba8f4e7	1	GameObject	ScrollArea	12024
fb93dafbec5a95742b987f906ba8f4e7	2	GameObject	Panel	12024
fb93dafbec5a95742b987f906ba8f4e7	3	GameObject	Sliding Area	12024
fb93dafbec5a95742b987f906ba8f4e7	4	GameObject	OKButton	12024
fb93dafbec5a95742b987f906ba8f4e7	5	GameObject	Content	12024
fb93dafbec5a95742b987f906ba8f4e7	6	GameObject	Text	12024
fb93dafbec5a95742b987f906ba8f4e7	7	GameObject	Buttons	12024
fb93dafbec5a95742b987f906ba8f4e7	8	GameObject	Scrollbar Vertical	12024
fb93dafbec5a95742b987f906ba8f4e7	9	GameObject	SelectPrompt	12024
fb93dafbec5a95742b987f906ba8f4e7	10	GameObject	Viewport	12024
fb93dafbec5a95742b987f906ba8f4e7	11	GameObject	Handle	12024
fb93dafbec5a95742b987f906ba8f4e7	12	GameObject	SearchIcon	12024
fb93dafbec5a95742b987f906ba8f4e7	13	GameObject	SearchBar	12024
fb93dafbec5a95742b987f906ba8f4e7	14	GameObject	Text	12024
fb93dafbec5a95742b987f906ba8f4e7	15	GameObject	Text	12024
fb93dafbec5a95742b987f906ba8f4e7	16	GameObject	CancelButton	12024
fb93dafbec5a95742b987f906ba8f4e7	17	GameObject	ObjectReferencePicker	12024
fb93dafbec5a95742b987f906ba8f4e7	18	GameObject	ScrollView	12024
fba29076610fdbb46a561345dd2920bf	1	Material	FX_MAT_Water_01	6948
fc3471de937c8d046aaa8a507c9403a5	1	GameObject	CloseButton	16216
fc3471de937c8d046aaa8a507c9403a5	2	GameObject	Title	16216
fc3471de937c8d046aaa8a507c9403a5	3	GameObject	Header	16216
fc3471de937c8d046aaa8a507c9403a5	4	GameObject	Group2	16216
fc3471de937c8d046aaa8a507c9403a5	5	GameObject	Group1	16216
fc3471de937c8d046aaa8a507c9403a5	6	GameObject	GRBRating	16216
fc3471de937c8d046aaa8a507c9403a5	7	GameObject	CompanyName	16216
fc3471de937c8d046aaa8a507c9403a5	8	GameObject	Overlay	16216
fc3471de937c8d046aaa8a507c9403a5	9	GameObject	GameRating	16216
fc3471de937c8d046aaa8a507c9403a5	10	GameObject	CompanyNameTitle	16216
fc3471de937c8d046aaa8a507c9403a5	11	GameObject	Window	16216
fc3471de937c8d046aaa8a507c9403a5	12	GameObject	RegisterNumber	16216
fc3471de937c8d046aaa8a507c9403a5	13	GameObject	RepresentativeNumberLayout	16216
fc3471de937c8d046aaa8a507c9403a5	14	GameObject	VerticalSeparator	16216
fc3471de937c8d046aaa8a507c9403a5	15	GameObject	NXPGameInfoView	16216
fc3471de937c8d046aaa8a507c9403a5	16	GameObject	GameRatingLayout	16216
fc3471de937c8d046aaa8a507c9403a5	17	GameObject	GameNameTitle	16216
fc3471de937c8d046aaa8a507c9403a5	18	GameObject	RegisterNumberLayout	16216
fc3471de937c8d046aaa8a507c9403a5	19	GameObject	Contents	16216
fc3471de937c8d046aaa8a507c9403a5	20	GameObject	GameName	16216
fc3471de937c8d046aaa8a507c9403a5	21	GameObject	Icon	16216
fc3471de937c8d046aaa8a507c9403a5	22	GameObject	GameNameLayout	16216
fc3471de937c8d046aaa8a507c9403a5	23	GameObject	RepresentativeNumberTitle	16216
fc3471de937c8d046aaa8a507c9403a5	24	GameObject	GameRatingTitle	16216
fc3471de937c8d046aaa8a507c9403a5	25	GameObject	RegisterNumberTitle	16216
fc3471de937c8d046aaa8a507c9403a5	26	GameObject	Description	16216
fc3471de937c8d046aaa8a507c9403a5	27	GameObject	CompanyNameLayout	16216
fc3471de937c8d046aaa8a507c9403a5	28	GameObject	RepresentativeNumber	16216
fc3471de937c8d046aaa8a507c9403a5	29	GameObject	Separator	16216
fc3471de937c8d046aaa8a507c9403a5	30	GameObject	BackButton	16216
fcdf12882b9d69c46a990be13e1d515f	1	Texture2D	Icon_baseplate_pc	5148
fcdf12882b9d69c46a990be13e1d515f	2	Sprite	Icon_baseplate_pc	5148
fd49e6175dc0a1f4f83526a3bbfc30b7	1	Texture2D	DownArrow	8884
fd49e6175dc0a1f4f83526a3bbfc30b7	2	Sprite	DownArrow	8884
fd8278f579748ba4593ed63793b4453c	1	Texture2D	icon_hover_15	6320
fd8278f579748ba4593ed63793b4453c	2	Sprite	icon_hover_15	6320
fdb02b0a0ff82ba4481c8997ddb87477	1	Texture2D	ui_border_20px_filled_top	21196
fdb02b0a0ff82ba4481c8997ddb87477	2	Sprite	ui_border_20px_filled_top	21196
fe397a3bbc8ad1d4993e79c83ee18cc1	1	GameObject	NXPExposureHistoryAlertView	9472
fe397a3bbc8ad1d4993e79c83ee18cc1	2	GameObject	Window	9472
fe397a3bbc8ad1d4993e79c83ee18cc1	3	GameObject	Description	9472
fe397a3bbc8ad1d4993e79c83ee18cc1	4	GameObject	ButtonGroup	9472
fe397a3bbc8ad1d4993e79c83ee18cc1	5	GameObject	CancelButton	9472
fe397a3bbc8ad1d4993e79c83ee18cc1	6	GameObject	Contents	9472
fe397a3bbc8ad1d4993e79c83ee18cc1	7	GameObject	CancelButtonText	9472
fe397a3bbc8ad1d4993e79c83ee18cc1	8	GameObject	VerticalSeparator	9472
fe397a3bbc8ad1d4993e79c83ee18cc1	9	GameObject	Title	9472
fe397a3bbc8ad1d4993e79c83ee18cc1	10	GameObject	ConfirmButtonText	9472
fe397a3bbc8ad1d4993e79c83ee18cc1	11	GameObject	Overlay	9472
fe397a3bbc8ad1d4993e79c83ee18cc1	12	GameObject	ConfirmButton	9472
feaf51593bb12c44190fd6282306619d	1	Texture2D	InputFieldBackground	5616
globalgamemanagers.assets.split0	2	Material	Sprites-Default	1048576
globalgamemanagers.assets.split0	3	Material	CafeOutlineOnly	1048576
globalgamemanagers.assets.split0	4	Material	UnderCover_ObjectOverlayMaterial	1048576
globalgamemanagers.assets.split0	5	Material	UnderCover_PlayerOverlayMaterial	1048576
globalgamemanagers.assets.split0	6	Material	UnderCover_UnitOverlayMaterial	1048576
globalgamemanagers.assets.split0	7	Texture2D	LDR_LLL1_9	1048576
globalgamemanagers.assets.split0	8	Texture2D	Medium01	1048576
globalgamemanagers.assets.split0	9	Texture2D	LDR_LLL1_23	1048576
globalgamemanagers.assets.split0	10	Texture2D	LDR_LLL1_2	1048576
globalgamemanagers.assets.split0	11	Texture2D	LDR_LLL1_17	1048576
globalgamemanagers.assets.split0	12	Texture2D	LDR_LLL1_31	1048576
globalgamemanagers.assets.split0	13	Texture2D	LDR_LLL1_25	1048576
globalgamemanagers.assets.split0	14	Texture2D	LDR_LLL1_4	1048576
globalgamemanagers.assets.split0	15	Texture2D	LDR_LLL1_6	1048576
globalgamemanagers.assets.split0	16	Texture2D	LDR_LLL1_14	1048576
globalgamemanagers.assets.split0	17	Texture2D	LDR_LLL1_15	1048576
globalgamemanagers.assets.split0	18	Texture2D	Medium05	1048576
globalgamemanagers.assets.split0	19	Texture2D	SearchTex	1048576
globalgamemanagers.assets.split0	20	Texture2D	Large02	1048576
globalgamemanagers.assets.split0	21	Texture2D	Thin01	1048576
globalgamemanagers.assets.split0	22	Texture2D	LDR_LLL1_3	1048576
globalgamemanagers.assets.split0	23	Texture2D	LDR_LLL1_0	1048576
globalgamemanagers.assets.split0	24	Texture2D	LDR_LLL1_30	1048576
globalgamemanagers.assets.split0	25	Texture2D	LDR_LLL1_10	1048576
globalgamemanagers.assets.split0	26	Texture2D	Medium03	1048576
globalgamemanagers.assets.split0	27	Texture2D	LDR_LLL1_16	1048576
globalgamemanagers.assets.split0	28	Texture2D	LDR_LLL1_24	1048576
globalgamemanagers.assets.split0	29	Texture2D	Medium06	1048576
globalgamemanagers.assets.split0	30	Texture2D	Medium04	1048576
globalgamemanagers.assets.split0	31	Texture2D	LDR_LLL1_12	1048576
globalgamemanagers.assets.split0	32	Texture2D	LDR_LLL1_7	1048576
globalgamemanagers.assets.split0	33	Texture2D	LDR_LLL1_27	1048576
globalgamemanagers.assets.split0	34	Texture2D	LDR_LLL1_20	1048576
globalgamemanagers.assets.split0	35	Texture2D	LDR_LLL1_26	1048576
globalgamemanagers.assets.split0	36	Texture2D	AreaTex	1048576
globalgamemanagers.assets.split0	37	Texture2D	LDR_LLL1_18	1048576
globalgamemanagers.assets.split0	38	Texture2D	LDR_LLL1_19	1048576
globalgamemanagers.assets.split0	39	Texture2D	LDR_LLL1_1	1048576
globalgamemanagers.assets.split0	40	Texture2D	LDR_LLL1_13	1048576
globalgamemanagers.assets.split0	41	Texture2D	LDR_LLL1_21	1048576
globalgamemanagers.assets.split0	42	Texture2D	Thin02	1048576
globalgamemanagers.assets.split0	43	Texture2D	LDR_LLL1_5	1048576
globalgamemanagers.assets.split0	44	Texture2D	LDR_LLL1_8	1048576
globalgamemanagers.assets.split0	45	Texture2D	Medium02	1048576
globalgamemanagers.assets.split0	46	Texture2D	LDR_LLL1_22	1048576
globalgamemanagers.assets.split0	47	Texture2D	LDR_LLL1_29	1048576
globalgamemanagers.assets.split0	48	Texture2D	LDR_LLL1_11	1048576
globalgamemanagers.assets.split0	49	Texture2D	Large01	1048576
globalgamemanagers.assets.split0	50	Texture2D	LDR_LLL1_28	1048576
globalgamemanagers.assets.split1	2	Material	Sprites-Default	1048576
globalgamemanagers.assets.split1	3	Material	CafeOutlineOnly	1048576
globalgamemanagers.assets.split1	4	Material	UnderCover_ObjectOverlayMaterial	1048576
globalgamemanagers.assets.split1	5	Material	UnderCover_PlayerOverlayMaterial	1048576
globalgamemanagers.assets.split1	6	Material	UnderCover_UnitOverlayMaterial	1048576
globalgamemanagers.assets.split1	7	Texture2D	LDR_LLL1_9	1048576
globalgamemanagers.assets.split1	8	Texture2D	Medium01	1048576
globalgamemanagers.assets.split1	9	Texture2D	LDR_LLL1_23	1048576
globalgamemanagers.assets.split1	10	Texture2D	LDR_LLL1_2	1048576
globalgamemanagers.assets.split1	11	Texture2D	LDR_LLL1_17	1048576
globalgamemanagers.assets.split1	12	Texture2D	LDR_LLL1_31	1048576
globalgamemanagers.assets.split1	13	Texture2D	LDR_LLL1_25	1048576
globalgamemanagers.assets.split1	14	Texture2D	LDR_LLL1_4	1048576
globalgamemanagers.assets.split1	15	Texture2D	LDR_LLL1_6	1048576
globalgamemanagers.assets.split1	16	Texture2D	LDR_LLL1_14	1048576
globalgamemanagers.assets.split1	17	Texture2D	LDR_LLL1_15	1048576
globalgamemanagers.assets.split1	18	Texture2D	Medium05	1048576
globalgamemanagers.assets.split1	19	Texture2D	SearchTex	1048576
globalgamemanagers.assets.split1	20	Texture2D	Large02	1048576
globalgamemanagers.assets.split1	21	Texture2D	Thin01	1048576
globalgamemanagers.assets.split1	22	Texture2D	LDR_LLL1_3	1048576
globalgamemanagers.assets.split1	23	Texture2D	LDR_LLL1_0	1048576
globalgamemanagers.assets.split1	24	Texture2D	LDR_LLL1_30	1048576
globalgamemanagers.assets.split1	25	Texture2D	LDR_LLL1_10	1048576
globalgamemanagers.assets.split1	26	Texture2D	Medium03	1048576
globalgamemanagers.assets.split1	27	Texture2D	LDR_LLL1_16	1048576
globalgamemanagers.assets.split1	28	Texture2D	LDR_LLL1_24	1048576
globalgamemanagers.assets.split1	29	Texture2D	Medium06	1048576
globalgamemanagers.assets.split1	30	Texture2D	Medium04	1048576
globalgamemanagers.assets.split1	31	Texture2D	LDR_LLL1_12	1048576
globalgamemanagers.assets.split1	32	Texture2D	LDR_LLL1_7	1048576
globalgamemanagers.assets.split1	33	Texture2D	LDR_LLL1_27	1048576
globalgamemanagers.assets.split1	34	Texture2D	LDR_LLL1_20	1048576
globalgamemanagers.assets.split1	35	Texture2D	LDR_LLL1_26	1048576
globalgamemanagers.assets.split1	36	Texture2D	AreaTex	1048576
globalgamemanagers.assets.split1	37	Texture2D	LDR_LLL1_18	1048576
globalgamemanagers.assets.split1	38	Texture2D	LDR_LLL1_19	1048576
globalgamemanagers.assets.split1	39	Texture2D	LDR_LLL1_1	1048576
globalgamemanagers.assets.split1	40	Texture2D	LDR_LLL1_13	1048576
globalgamemanagers.assets.split1	41	Texture2D	LDR_LLL1_21	1048576
globalgamemanagers.assets.split1	42	Texture2D	Thin02	1048576
globalgamemanagers.assets.split1	43	Texture2D	LDR_LLL1_5	1048576
globalgamemanagers.assets.split1	44	Texture2D	LDR_LLL1_8	1048576
globalgamemanagers.assets.split1	45	Texture2D	Medium02	1048576
globalgamemanagers.assets.split1	46	Texture2D	LDR_LLL1_22	1048576
globalgamemanagers.assets.split1	47	Texture2D	LDR_LLL1_29	1048576
globalgamemanagers.assets.split1	48	Texture2D	LDR_LLL1_11	1048576
globalgamemanagers.assets.split1	49	Texture2D	Large01	1048576
globalgamemanagers.assets.split1	50	Texture2D	LDR_LLL1_28	1048576
globalgamemanagers.assets.split2	2	Material	Sprites-Default	1048576
globalgamemanagers.assets.split2	3	Material	CafeOutlineOnly	1048576
globalgamemanagers.assets.split2	4	Material	UnderCover_ObjectOverlayMaterial	1048576
globalgamemanagers.assets.split2	5	Material	UnderCover_PlayerOverlayMaterial	1048576
globalgamemanagers.assets.split2	6	Material	UnderCover_UnitOverlayMaterial	1048576
globalgamemanagers.assets.split2	7	Texture2D	LDR_LLL1_9	1048576
globalgamemanagers.assets.split2	8	Texture2D	Medium01	1048576
globalgamemanagers.assets.split2	9	Texture2D	LDR_LLL1_23	1048576
globalgamemanagers.assets.split2	10	Texture2D	LDR_LLL1_2	1048576
globalgamemanagers.assets.split2	11	Texture2D	LDR_LLL1_17	1048576
globalgamemanagers.assets.split2	12	Texture2D	LDR_LLL1_31	1048576
globalgamemanagers.assets.split2	13	Texture2D	LDR_LLL1_25	1048576
globalgamemanagers.assets.split2	14	Texture2D	LDR_LLL1_4	1048576
globalgamemanagers.assets.split2	15	Texture2D	LDR_LLL1_6	1048576
globalgamemanagers.assets.split2	16	Texture2D	LDR_LLL1_14	1048576
globalgamemanagers.assets.split2	17	Texture2D	LDR_LLL1_15	1048576
globalgamemanagers.assets.split2	18	Texture2D	Medium05	1048576
globalgamemanagers.assets.split2	19	Texture2D	SearchTex	1048576
globalgamemanagers.assets.split2	20	Texture2D	Large02	1048576
globalgamemanagers.assets.split2	21	Texture2D	Thin01	1048576
globalgamemanagers.assets.split2	22	Texture2D	LDR_LLL1_3	1048576
globalgamemanagers.assets.split2	23	Texture2D	LDR_LLL1_0	1048576
globalgamemanagers.assets.split2	24	Texture2D	LDR_LLL1_30	1048576
globalgamemanagers.assets.split2	25	Texture2D	LDR_LLL1_10	1048576
globalgamemanagers.assets.split2	26	Texture2D	Medium03	1048576
globalgamemanagers.assets.split2	27	Texture2D	LDR_LLL1_16	1048576
globalgamemanagers.assets.split2	28	Texture2D	LDR_LLL1_24	1048576
globalgamemanagers.assets.split2	29	Texture2D	Medium06	1048576
globalgamemanagers.assets.split2	30	Texture2D	Medium04	1048576
globalgamemanagers.assets.split2	31	Texture2D	LDR_LLL1_12	1048576
globalgamemanagers.assets.split2	32	Texture2D	LDR_LLL1_7	1048576
globalgamemanagers.assets.split2	33	Texture2D	LDR_LLL1_27	1048576
globalgamemanagers.assets.split2	34	Texture2D	LDR_LLL1_20	1048576
globalgamemanagers.assets.split2	35	Texture2D	LDR_LLL1_26	1048576
globalgamemanagers.assets.split2	36	Texture2D	AreaTex	1048576
globalgamemanagers.assets.split2	37	Texture2D	LDR_LLL1_18	1048576
globalgamemanagers.assets.split2	38	Texture2D	LDR_LLL1_19	1048576
globalgamemanagers.assets.split2	39	Texture2D	LDR_LLL1_1	1048576
globalgamemanagers.assets.split2	40	Texture2D	LDR_LLL1_13	1048576
globalgamemanagers.assets.split2	41	Texture2D	LDR_LLL1_21	1048576
globalgamemanagers.assets.split2	42	Texture2D	Thin02	1048576
globalgamemanagers.assets.split2	43	Texture2D	LDR_LLL1_5	1048576
globalgamemanagers.assets.split2	44	Texture2D	LDR_LLL1_8	1048576
globalgamemanagers.assets.split2	45	Texture2D	Medium02	1048576
globalgamemanagers.assets.split2	46	Texture2D	LDR_LLL1_22	1048576
globalgamemanagers.assets.split2	47	Texture2D	LDR_LLL1_29	1048576
globalgamemanagers.assets.split2	48	Texture2D	LDR_LLL1_11	1048576
globalgamemanagers.assets.split2	49	Texture2D	Large01	1048576
globalgamemanagers.assets.split2	50	Texture2D	LDR_LLL1_28	1048576
globalgamemanagers.assets.split3	2	Material	Sprites-Default	1048576
globalgamemanagers.assets.split3	3	Material	CafeOutlineOnly	1048576
globalgamemanagers.assets.split3	4	Material	UnderCover_ObjectOverlayMaterial	1048576
globalgamemanagers.assets.split3	5	Material	UnderCover_PlayerOverlayMaterial	1048576
globalgamemanagers.assets.split3	6	Material	UnderCover_UnitOverlayMaterial	1048576
globalgamemanagers.assets.split3	7	Texture2D	LDR_LLL1_9	1048576
globalgamemanagers.assets.split3	8	Texture2D	Medium01	1048576
globalgamemanagers.assets.split3	9	Texture2D	LDR_LLL1_23	1048576
globalgamemanagers.assets.split3	10	Texture2D	LDR_LLL1_2	1048576
globalgamemanagers.assets.split3	11	Texture2D	LDR_LLL1_17	1048576
globalgamemanagers.assets.split3	12	Texture2D	LDR_LLL1_31	1048576
globalgamemanagers.assets.split3	13	Texture2D	LDR_LLL1_25	1048576
globalgamemanagers.assets.split3	14	Texture2D	LDR_LLL1_4	1048576
globalgamemanagers.assets.split3	15	Texture2D	LDR_LLL1_6	1048576
globalgamemanagers.assets.split3	16	Texture2D	LDR_LLL1_14	1048576
globalgamemanagers.assets.split3	17	Texture2D	LDR_LLL1_15	1048576
globalgamemanagers.assets.split3	18	Texture2D	Medium05	1048576
globalgamemanagers.assets.split3	19	Texture2D	SearchTex	1048576
globalgamemanagers.assets.split3	20	Texture2D	Large02	1048576
globalgamemanagers.assets.split3	21	Texture2D	Thin01	1048576
globalgamemanagers.assets.split3	22	Texture2D	LDR_LLL1_3	1048576
globalgamemanagers.assets.split3	23	Texture2D	LDR_LLL1_0	1048576
globalgamemanagers.assets.split3	24	Texture2D	LDR_LLL1_30	1048576
globalgamemanagers.assets.split3	25	Texture2D	LDR_LLL1_10	1048576
globalgamemanagers.assets.split3	26	Texture2D	Medium03	1048576
globalgamemanagers.assets.split3	27	Texture2D	LDR_LLL1_16	1048576
globalgamemanagers.assets.split3	28	Texture2D	LDR_LLL1_24	1048576
globalgamemanagers.assets.split3	29	Texture2D	Medium06	1048576
globalgamemanagers.assets.split3	30	Texture2D	Medium04	1048576
globalgamemanagers.assets.split3	31	Texture2D	LDR_LLL1_12	1048576
globalgamemanagers.assets.split3	32	Texture2D	LDR_LLL1_7	1048576
globalgamemanagers.assets.split3	33	Texture2D	LDR_LLL1_27	1048576
globalgamemanagers.assets.split3	34	Texture2D	LDR_LLL1_20	1048576
globalgamemanagers.assets.split3	35	Texture2D	LDR_LLL1_26	1048576
globalgamemanagers.assets.split3	36	Texture2D	AreaTex	1048576
globalgamemanagers.assets.split3	37	Texture2D	LDR_LLL1_18	1048576
globalgamemanagers.assets.split3	38	Texture2D	LDR_LLL1_19	1048576
globalgamemanagers.assets.split3	39	Texture2D	LDR_LLL1_1	1048576
globalgamemanagers.assets.split3	40	Texture2D	LDR_LLL1_13	1048576
globalgamemanagers.assets.split3	41	Texture2D	LDR_LLL1_21	1048576
globalgamemanagers.assets.split3	42	Texture2D	Thin02	1048576
globalgamemanagers.assets.split3	43	Texture2D	LDR_LLL1_5	1048576
globalgamemanagers.assets.split3	44	Texture2D	LDR_LLL1_8	1048576
globalgamemanagers.assets.split3	45	Texture2D	Medium02	1048576
globalgamemanagers.assets.split3	46	Texture2D	LDR_LLL1_22	1048576
globalgamemanagers.assets.split3	47	Texture2D	LDR_LLL1_29	1048576
globalgamemanagers.assets.split3	48	Texture2D	LDR_LLL1_11	1048576
globalgamemanagers.assets.split3	49	Texture2D	Large01	1048576
globalgamemanagers.assets.split3	50	Texture2D	LDR_LLL1_28	1048576
globalgamemanagers.assets.split4	2	Material	Sprites-Default	1048576
globalgamemanagers.assets.split4	3	Material	CafeOutlineOnly	1048576
globalgamemanagers.assets.split4	4	Material	UnderCover_ObjectOverlayMaterial	1048576
globalgamemanagers.assets.split4	5	Material	UnderCover_PlayerOverlayMaterial	1048576
globalgamemanagers.assets.split4	6	Material	UnderCover_UnitOverlayMaterial	1048576
globalgamemanagers.assets.split4	7	Texture2D	LDR_LLL1_9	1048576
globalgamemanagers.assets.split4	8	Texture2D	Medium01	1048576
globalgamemanagers.assets.split4	9	Texture2D	LDR_LLL1_23	1048576
globalgamemanagers.assets.split4	10	Texture2D	LDR_LLL1_2	1048576
globalgamemanagers.assets.split4	11	Texture2D	LDR_LLL1_17	1048576
globalgamemanagers.assets.split4	12	Texture2D	LDR_LLL1_31	1048576
globalgamemanagers.assets.split4	13	Texture2D	LDR_LLL1_25	1048576
globalgamemanagers.assets.split4	14	Texture2D	LDR_LLL1_4	1048576
globalgamemanagers.assets.split4	15	Texture2D	LDR_LLL1_6	1048576
globalgamemanagers.assets.split4	16	Texture2D	LDR_LLL1_14	1048576
globalgamemanagers.assets.split4	17	Texture2D	LDR_LLL1_15	1048576
globalgamemanagers.assets.split4	18	Texture2D	Medium05	1048576
globalgamemanagers.assets.split4	19	Texture2D	SearchTex	1048576
globalgamemanagers.assets.split4	20	Texture2D	Large02	1048576
globalgamemanagers.assets.split4	21	Texture2D	Thin01	1048576
globalgamemanagers.assets.split4	22	Texture2D	LDR_LLL1_3	1048576
globalgamemanagers.assets.split4	23	Texture2D	LDR_LLL1_0	1048576
globalgamemanagers.assets.split4	24	Texture2D	LDR_LLL1_30	1048576
globalgamemanagers.assets.split4	25	Texture2D	LDR_LLL1_10	1048576
globalgamemanagers.assets.split4	26	Texture2D	Medium03	1048576
globalgamemanagers.assets.split4	27	Texture2D	LDR_LLL1_16	1048576
globalgamemanagers.assets.split4	28	Texture2D	LDR_LLL1_24	1048576
globalgamemanagers.assets.split4	29	Texture2D	Medium06	1048576
globalgamemanagers.assets.split4	30	Texture2D	Medium04	1048576
globalgamemanagers.assets.split4	31	Texture2D	LDR_LLL1_12	1048576
globalgamemanagers.assets.split4	32	Texture2D	LDR_LLL1_7	1048576
globalgamemanagers.assets.split4	33	Texture2D	LDR_LLL1_27	1048576
globalgamemanagers.assets.split4	34	Texture2D	LDR_LLL1_20	1048576
globalgamemanagers.assets.split4	35	Texture2D	LDR_LLL1_26	1048576
globalgamemanagers.assets.split4	36	Texture2D	AreaTex	1048576
globalgamemanagers.assets.split4	37	Texture2D	LDR_LLL1_18	1048576
globalgamemanagers.assets.split4	38	Texture2D	LDR_LLL1_19	1048576
globalgamemanagers.assets.split4	39	Texture2D	LDR_LLL1_1	1048576
globalgamemanagers.assets.split4	40	Texture2D	LDR_LLL1_13	1048576
globalgamemanagers.assets.split4	41	Texture2D	LDR_LLL1_21	1048576
globalgamemanagers.assets.split4	42	Texture2D	Thin02	1048576
globalgamemanagers.assets.split4	43	Texture2D	LDR_LLL1_5	1048576
globalgamemanagers.assets.split4	44	Texture2D	LDR_LLL1_8	1048576
globalgamemanagers.assets.split4	45	Texture2D	Medium02	1048576
globalgamemanagers.assets.split4	46	Texture2D	LDR_LLL1_22	1048576
globalgamemanagers.assets.split4	47	Texture2D	LDR_LLL1_29	1048576
globalgamemanagers.assets.split4	48	Texture2D	LDR_LLL1_11	1048576
globalgamemanagers.assets.split4	49	Texture2D	Large01	1048576
globalgamemanagers.assets.split4	50	Texture2D	LDR_LLL1_28	1048576
globalgamemanagers.assets.split5	2	Material	Sprites-Default	75344
globalgamemanagers.assets.split5	3	Material	CafeOutlineOnly	75344
globalgamemanagers.assets.split5	4	Material	UnderCover_ObjectOverlayMaterial	75344
globalgamemanagers.assets.split5	5	Material	UnderCover_PlayerOverlayMaterial	75344
globalgamemanagers.assets.split5	6	Material	UnderCover_UnitOverlayMaterial	75344
globalgamemanagers.assets.split5	7	Texture2D	LDR_LLL1_9	75344
globalgamemanagers.assets.split5	8	Texture2D	Medium01	75344
globalgamemanagers.assets.split5	9	Texture2D	LDR_LLL1_23	75344
globalgamemanagers.assets.split5	10	Texture2D	LDR_LLL1_2	75344
globalgamemanagers.assets.split5	11	Texture2D	LDR_LLL1_17	75344
globalgamemanagers.assets.split5	12	Texture2D	LDR_LLL1_31	75344
globalgamemanagers.assets.split5	13	Texture2D	LDR_LLL1_25	75344
globalgamemanagers.assets.split5	14	Texture2D	LDR_LLL1_4	75344
globalgamemanagers.assets.split5	15	Texture2D	LDR_LLL1_6	75344
globalgamemanagers.assets.split5	16	Texture2D	LDR_LLL1_14	75344
globalgamemanagers.assets.split5	17	Texture2D	LDR_LLL1_15	75344
globalgamemanagers.assets.split5	18	Texture2D	Medium05	75344
globalgamemanagers.assets.split5	19	Texture2D	SearchTex	75344
globalgamemanagers.assets.split5	20	Texture2D	Large02	75344
globalgamemanagers.assets.split5	21	Texture2D	Thin01	75344
globalgamemanagers.assets.split5	22	Texture2D	LDR_LLL1_3	75344
globalgamemanagers.assets.split5	23	Texture2D	LDR_LLL1_0	75344
globalgamemanagers.assets.split5	24	Texture2D	LDR_LLL1_30	75344
globalgamemanagers.assets.split5	25	Texture2D	LDR_LLL1_10	75344
globalgamemanagers.assets.split5	26	Texture2D	Medium03	75344
globalgamemanagers.assets.split5	27	Texture2D	LDR_LLL1_16	75344
globalgamemanagers.assets.split5	28	Texture2D	LDR_LLL1_24	75344
globalgamemanagers.assets.split5	29	Texture2D	Medium06	75344
globalgamemanagers.assets.split5	30	Texture2D	Medium04	75344
globalgamemanagers.assets.split5	31	Texture2D	LDR_LLL1_12	75344
globalgamemanagers.assets.split5	32	Texture2D	LDR_LLL1_7	75344
globalgamemanagers.assets.split5	33	Texture2D	LDR_LLL1_27	75344
globalgamemanagers.assets.split5	34	Texture2D	LDR_LLL1_20	75344
globalgamemanagers.assets.split5	35	Texture2D	LDR_LLL1_26	75344
globalgamemanagers.assets.split5	36	Texture2D	AreaTex	75344
globalgamemanagers.assets.split5	37	Texture2D	LDR_LLL1_18	75344
globalgamemanagers.assets.split5	38	Texture2D	LDR_LLL1_19	75344
globalgamemanagers.assets.split5	39	Texture2D	LDR_LLL1_1	75344
globalgamemanagers.assets.split5	40	Texture2D	LDR_LLL1_13	75344
globalgamemanagers.assets.split5	41	Texture2D	LDR_LLL1_21	75344
globalgamemanagers.assets.split5	42	Texture2D	Thin02	75344
globalgamemanagers.assets.split5	43	Texture2D	LDR_LLL1_5	75344
globalgamemanagers.assets.split5	44	Texture2D	LDR_LLL1_8	75344
globalgamemanagers.assets.split5	45	Texture2D	Medium02	75344
globalgamemanagers.assets.split5	46	Texture2D	LDR_LLL1_22	75344
globalgamemanagers.assets.split5	47	Texture2D	LDR_LLL1_29	75344
globalgamemanagers.assets.split5	48	Texture2D	LDR_LLL1_11	75344
globalgamemanagers.assets.split5	49	Texture2D	Large01	75344
globalgamemanagers.assets.split5	50	Texture2D	LDR_LLL1_28	75344
level0	1	GameObject	AnchorCamera	7936
level0	2	GameObject	Camera	7936
level0	3	GameObject	UICamera	7936
level0	4	GameObject	UI Root	7936
level0	5	GameObject	UILogo	7936
level0	6	GameObject	Texture	7936
level1	1	GameObject	LocalNotification	36960
level1	2	GameObject	ScreenBlocker	36960
level1	3	GameObject	DialogAudioSource	36960
level1	4	GameObject	UICamera	36960
level1	5	GameObject	UI Root	36960
level1	6	GameObject	GameMain	36960
level1	7	GameObject	SwitchAudioSource	36960
level1	8	GameObject	CameraLookTarget	36960
level1	9	GameObject	FadeInOutSprite	36960
level1	10	GameObject	Persistent	36960
level1	11	GameObject	AudioSource	36960
level1	12	GameObject	AmbientAudioPlayer	36960
level1	13	GameObject	AudioListenerManager	36960
level1	14	GameObject	ClientSaveDataRepository	36960
level1	15	GameObject	WorldSpaceUIRoot	36960
level1	16	GameObject	GraphicsManager	36960
level1	17	GameObject	AppServiceLocator	36960
level1	18	GameObject	Directional Light	36960
level1	19	GameObject	FadeInOutPanel	36960
level1	20	GameObject	MainAudioListener	36960
level1	21	GameObject	AnchorCamera	36960
level1	22	GameObject	TouchEffectCreater	36960
level1	23	GameObject	CharacterLightFallback	36960
level1	24	GameObject	DeviceSaveDataRepository	36960
level1	25	GameObject	Camera	36960
level1	26	GameObject	BGMPlayer	36960
level1	27	GameObject	LeanTouch	36960
level1	28	GameObject	TaskManager	36960
level1	29	GameObject	UnitParent	36960
level1	30	GameObject	SoundManager	36960
level1	31	GameObject	ParticleManager	36960
level1	32	GameObject	UIBloomSourceCover	36960
level1	33	GameObject	Deco1	36960
level1	34	GameObject	Arona	36960
level1	35	GameObject	TopCover	36960
level1	36	GameObject	Top	36960
level1	37	GameObject	LeftCover	36960
level1	38	GameObject	Deco2	36960
level1	39	GameObject	BottomCover	36960
level1	40	GameObject	UILetterBox	36960
level1	41	GameObject	Loading	36960
level1	42	GameObject	Deco1	36960
level1	43	GameObject	Halo	36960
level1	44	GameObject	Deco2	36960
level1	45	GameObject	Widget	36960
level1	46	GameObject	Deco1	36960
level1	47	GameObject	Deco2	36960
level1	48	GameObject	Bottom	36960
level1	49	GameObject	Arona	36960
level1	50	GameObject	RightCover	36960
level1	51	GameObject	Right	36960
level1	52	GameObject	ResourcesContainer	36960
level1	53	GameObject	Halo_2	36960
level1	54	GameObject	L	36960
level1	55	GameObject	w	36960
level1	56	GameObject	dot (1)	36960
level1	57	GameObject	UIRepeater	36960
level1	58	GameObject	n2	36960
level1	59	GameObject	o	36960
level1	60	GameObject	a	36960
level1	61	GameObject	i	36960
level1	62	GameObject	N	36960
level1	63	GameObject	o2	36960
level1	64	GameObject	d	36960
level1	65	GameObject	dot	36960
level1	66	GameObject	dot (2)	36960
level1	67	GameObject	g	36960
level1	68	GameObject	Deco2	36960
level1	69	GameObject	Deco1	36960
level1	70	GameObject	Left	36960
level1	71	GameObject	LetterBox	36960
sharedassets1.assets	2	Material	ScreenBlocker	203324
sharedassets1.assets	3	Texture2D	Common_Letterbox_01	203324
sharedassets1.assets	4	Texture2D	Common_Letterbox_02	203324
sharedassets1.assets	6	AnimationClip	UIAni_Repeat 1	203324
unity default resources	10001	Texture2D	Soft	4222168
unity default resources	10100	Material	Font Material	4222168
unity default resources	10103	Texture2D	Font Texture	4222168
unity default resources	10200	Mesh	pSphere1	4222168
unity default resources	10202	Mesh	Cube	4222168
unity default resources	10203	Mesh	pCylinder1	4222168
unity default resources	10204	Mesh	pPlane1	4222168
unity default resources	10205	Mesh	polySurface2	4222168
unity default resources	10206	Mesh	Cylinder	4222168
unity default resources	10207	Mesh	Sphere	4222168
unity default resources	10208	Mesh	Capsule	4222168
unity default resources	10209	Mesh	Plane	4222168
unity default resources	10210	Mesh	Quad	4222168
unity default resources	10211	Mesh	Icosphere	4222168
unity default resources	10212	Mesh	icosahedron	4222168
unity default resources	10213	Mesh	pyramid	4222168
unity default resources	10400	Texture2D	UnityWatermark-small	4222168
unity default resources	10401	Texture2D	EscToExit_back	4222168
unity default resources	10402	Texture2D	EscToExit_Text	4222168
unity default resources	10403	Texture2D	UnitySplash-cube	4222168
unity default resources	10404	Sprite	UnitySplash-cube	4222168
unity default resources	10406	Texture2D	UnityWatermark-trial-big	4222168
unity default resources	10407	Texture2D	UnityWatermark-trial	4222168
unity default resources	10408	Texture2D	UnityWatermark-beta	4222168
unity default resources	10409	Texture2D	UnityWatermark-edu	4222168
unity default resources	10410	Texture2D	UnityWatermark-dev	4222168
unity default resources	10411	Texture2D	WarningSign	4222168
unity default resources	10413	Texture2D	UnityWatermark-proto	4222168
unity default resources	10414	Texture2D	UnityWatermarkPlugin-beta	4222168
unity default resources	10756	Material	FrameDebuggerRenderTargetDisplay	4222168
unity default resources	11001	Texture2D	box	4222168
unity default resources	11002	Texture2D	button active	4222168
unity default resources	11003	Texture2D	button hover	4222168
unity default resources	11004	Texture2D	button on hover	4222168
unity default resources	11005	Texture2D	button on	4222168
unity default resources	11006	Texture2D	button	4222168
unity default resources	11007	Texture2D	horizontal scrollbar thumb	4222168
unity default resources	11008	Texture2D	horizontal scrollbar	4222168
unity default resources	11009	Texture2D	horizontalslider	4222168
unity default resources	11010	Texture2D	slider thumb active	4222168
unity default resources	11011	Texture2D	slider thumb	4222168
unity default resources	11012	Texture2D	slidert humb hover	4222168
unity default resources	11013	Texture2D	toggle active	4222168
unity default resources	11014	Texture2D	toggle hover	4222168
unity default resources	11015	Texture2D	toggle on hover	4222168
unity default resources	11016	Texture2D	toggle on	4222168
unity default resources	11017	Texture2D	toggle on active	4222168
unity default resources	11018	Texture2D	toggle	4222168
unity default resources	11019	Texture2D	vertical scrollbar thumb	4222168
unity default resources	11020	Texture2D	vertical scrollbar	4222168
unity default resources	11021	Texture2D	verticalslider	4222168
unity default resources	11022	Texture2D	window on	4222168
unity default resources	11023	Texture2D	window	4222168
unity default resources	11024	Texture2D	textfield	4222168
unity default resources	11025	Texture2D	textfield on	4222168
unity default resources	11026	Texture2D	textfield hover	4222168
unity default resources	15000	Texture2D	UnitySplash-HolographicTrackingLoss	4222168
